{
    "0": {
        "POKEMON_0": "Ninetales-Alola",
        "POKEMON_1": {
            "STATS": [
                73,
                87,
                55,
                81,
                100,
                109
            ],
            "TYPE": [
                "Dragon",
                "Fairy"
            ],
            "TYPE_EFFECTIVENESS": [
                1,
                0.5,
                0.5,
                0.5,
                0.5,
                2,
                0.5,
                2,
                1,
                1,
                1,
                0.5,
                1,
                1,
                0,
                0.5,
                2,
                2
            ],
            "UTILITY": [
                "Baton Pass"
            ]
        },
        "STARTING_TEAM": [
            "Camerupt",
            "Sliggoo-Hisui",
            "Sharpedo"
        ],
        "Better": 1
    },
    "1": {
        "POKEMON_0": "Cramorant-Gulping",
        "POKEMON_1": {
            "STATS": [
                70,
                135,
                55,
                85,
                45,
                85
            ],
            "TYPE": [
                "Flying",
                "Water"
            ],
            "TYPE_EFFECTIVENESS": [
                1,
                0.5,
                0.5,
                4,
                1.0,
                1.0,
                0.5,
                1,
                0,
                1,
                1,
                0.5,
                2,
                1,
                1,
                1,
                0.5,
                1
            ],
            "UTILITY": [
                "Stealth Rock"
            ]
        },
        "STARTING_TEAM": [
            "Dragonite",
            "Silvally-Dark",
            "Garchomp",
            "Fearow"
        ],
        "Better": 0
    }
}