{
    "0": {
        "STARTING_TEAM": [
            "Pecharunt",
            "Magmar",
            "Fearow",
            "Primeape"
        ],
        "POKEMON_0": "Tapu Fini",
        "POKEMON_1": {
            "STATS": [
                70,
                25,
                115,
                145,
                130,
                85
            ],
            "TYPE": [
                "Ground",
                "Fairy"
            ],
            "UTILITY": [
                "Haze",
                "Reflect",
                "Light Screen"
            ],
            "TYPE_EFFECTIVENESS": [
                1,
                1,
                2,
                0,
                2,
                2,
                0.5,
                1.0,
                1,
                1,
                1,
                0.5,
                0.5,
                1,
                0,
                0.5,
                2,
                1
            ]
        },
        "Better": 1
    },
    "1": {
        "POKEMON_0": "Barraskewda",
        "POKEMON_1": {
            "STATS": [
                61,
                123,
                30,
                90,
                50,
                136
            ],
            "TYPE": [
                "Water",
                null
            ],
            "TYPE_EFFECTIVENESS": [
                1,
                0.5,
                0.5,
                2,
                2,
                0.5,
                1,
                1,
                1,
                1,
                1,
                1,
                1,
                1,
                1,
                1,
                0.5,
                1
            ],
            "UTILITY": [
                "Stealth Rock",
                "Tailwind"
            ]
        },
        "STARTING_TEAM": [
            "Sandy Shocks",
            "Samurott-Hisui",
            "Scovillain"
        ],
        "Better": 0
    },
    "2": {
        "POKEMON_0": "Mandibuzz",
        "POKEMON_1": {
            "STATS": [
                110,
                45,
                105,
                75,
                95,
                80
            ],
            "TYPE": [
                "Dark",
                "Flying"
            ],
            "TYPE_EFFECTIVENESS": [
                1,
                1,
                1,
                2,
                0.5,
                2,
                1.0,
                1,
                0,
                1,
                0,
                1.0,
                2,
                0.5,
                1,
                0.5,
                1,
                2
            ],
            "UTILITY": [
                "Wish",
                "Clear Smog",
                "Reflect"
            ]
        },
        "STARTING_TEAM": [
            "Decidueye",
            "Darmanitan-Galar-Zen",
            "Krookodile",
            "Sylveon",
            "Drednaw"
        ],
        "Better": 1
    },
    "3": {
        "POKEMON_0": "Snorlax",
        "POKEMON_1": {
            "STATS": [
                160,
                70,
                65,
                105,
                110,
                30
            ],
            "TYPE": [
                "Normal",
                null
            ],
            "TYPE_EFFECTIVENESS": [
                1,
                1,
                1,
                1,
                1,
                1,
                2,
                1,
                1,
                1,
                1,
                1,
                1,
                0,
                1,
                1,
                1,
                1
            ],
            "UTILITY": [
                "Sticky Webs"
            ]
        },
        "STARTING_TEAM": [
            "Jynx",
            "Drednaw",
            "Registeel",
            "Mr. Mime"
        ],
        "Better": 0
    },
    "4": {
        "POKEMON_0": "Raikou",
        "POKEMON_1": {
            "STATS": [
                90,
                85,
                75,
                165,
                50,
                115
            ],
            "TYPE": [
                "Electric",
                "Psychic"
            ],
            "TYPE_EFFECTIVENESS": [
                1,
                1,
                1,
                0.5,
                1,
                1,
                0.5,
                1,
                2,
                0.5,
                0.5,
                2,
                1,
                2,
                1,
                2,
                0.5,
                2
            ],
            "UTILITY": []
        },
        "STARTING_TEAM": [
            "Stunfisk",
            "Golurk",
            "Mandibuzz",
            "Silvally-Water"
        ],
        "Better": 1
    },
    "5": {
        "POKEMON_0": "Sawsbuck",
        "POKEMON_1": {
            "STATS": [
                80,
                60,
                70,
                60,
                110,
                95
            ],
            "TYPE": [
                "Normal",
                "Grass"
            ],
            "TYPE_EFFECTIVENESS": [
                1,
                2,
                0.5,
                0.5,
                0.5,
                2,
                2,
                2,
                0.5,
                2,
                1,
                2,
                1,
                0,
                1,
                1,
                1,
                1
            ],
            "UTILITY": []
        },
        "STARTING_TEAM": [
            "Ludicolo",
            "Venusaur-Mega",
            "Jellicent",
            "Tornadus",
            "Landorus"
        ],
        "Better": 0
    },
    "6": {
        "POKEMON_0": "Tyrantrum",
        "POKEMON_1": {
            "STATS": [
                82,
                121,
                149,
                39,
                59,
                71
            ],
            "TYPE": [
                "Rock",
                "Dragon"
            ],
            "TYPE_EFFECTIVENESS": [
                0.5,
                0.25,
                1.0,
                0.5,
                1.0,
                2,
                2,
                0.5,
                2,
                0.5,
                1,
                1,
                1,
                1,
                2,
                1,
                2,
                2
            ],
            "UTILITY": [
                "Stealth Rock",
                "Light Screen"
            ]
        },
        "STARTING_TEAM": [
            "Electabuzz",
            "Chandelure",
            "Chi-Yu"
        ],
        "Better": 1
    },
    "7": {
        "POKEMON_0": "Primarina",
        "POKEMON_1": {
            "STATS": [
                80,
                74,
                34,
                166,
                116,
                60
            ],
            "TYPE": [
                "Bug",
                "Fairy"
            ],
            "TYPE_EFFECTIVENESS": [
                1,
                2,
                1,
                1,
                0.5,
                1,
                0.25,
                2,
                0.5,
                2,
                1,
                0.5,
                2,
                1,
                0,
                0.5,
                2,
                1
            ],
            "UTILITY": [
                "Haze",
                "Will-o-Wisp"
            ]
        },
        "STARTING_TEAM": [
            "Araquanid",
            "Mr. Mime",
            "Oricorio-Pom-Pom"
        ],
        "Better": 1
    },
    "8": {
        "POKEMON_0": "Ribombee",
        "POKEMON_1": {
            "STATS": [
                60,
                55,
                20,
                135,
                70,
                124
            ],
            "TYPE": [
                "Bug",
                "Fairy"
            ],
            "TYPE_EFFECTIVENESS": [
                1,
                2,
                1,
                1,
                0.5,
                1,
                0.25,
                2,
                0.5,
                2,
                1,
                0.5,
                2,
                1,
                0,
                0.5,
                2,
                1
            ],
            "UTILITY": [
                "Light Screen",
                "Toxic Spikes"
            ]
        },
        "STARTING_TEAM": [
            "Minior-Meteor",
            "Iron Bundle",
            "Regice",
            "Moltres-Galar",
            "Qwilfish-Hisui"
        ],
        "Better": 0
    },
    "9": {
        "POKEMON_0": "Espathra",
        "POKEMON_1": {
            "STATS": [
                95,
                60,
                60,
                101,
                60,
                105
            ],
            "TYPE": [
                "Ice",
                null
            ],
            "TYPE_EFFECTIVENESS": [
                1,
                2,
                1,
                1,
                1,
                0.5,
                2,
                1,
                1,
                1,
                1,
                1,
                2,
                1,
                1,
                1,
                2,
                1
            ],
            "UTILITY": [
                "Haze"
            ]
        },
        "STARTING_TEAM": [
            "Gourgeist",
            "Gallade",
            "Kleavor",
            "Entei",
            "Zoroark-Hisui"
        ],
        "Better": 1
    },
    "10": {
        "POKEMON_0": "Stunfisk",
        "POKEMON_1": {
            "STATS": [
                109,
                66,
                104,
                61,
                99,
                32
            ],
            "TYPE": [
                "Bug",
                "Electric"
            ],
            "TYPE_EFFECTIVENESS": [
                1,
                2,
                1,
                0.5,
                0.5,
                1,
                0.5,
                1,
                1.0,
                1.0,
                1,
                1,
                2,
                1,
                1,
                1,
                0.5,
                1
            ],
            "UTILITY": [
                "Spikes",
                "Toxic Spikes"
            ]
        },
        "STARTING_TEAM": [
            "Tapu Lele",
            "Seviper",
            "Ninetales-Alola"
        ],
        "Better": 0
    },
    "11": {
        "POKEMON_0": "Lopunny",
        "POKEMON_1": {
            "STATS": [
                65,
                76,
                114,
                54,
                66,
                105
            ],
            "TYPE": [
                "Rock",
                null
            ],
            "TYPE_EFFECTIVENESS": [
                0.5,
                0.5,
                2,
                1,
                2,
                1,
                2,
                0.5,
                2,
                0.5,
                1,
                1,
                1,
                1,
                1,
                1,
                2,
                1
            ],
            "UTILITY": []
        },
        "STARTING_TEAM": [
            "Copperajah",
            "Durant",
            "Hypno",
            "Silvally",
            "Magnezone"
        ],
        "Better": 0
    },
    "12": {
        "POKEMON_0": "Basculegion",
        "POKEMON_1": {
            "STATS": [
                120,
                112,
                65,
                110,
                45,
                78
            ],
            "TYPE": [
                "Water",
                "Ghost"
            ],
            "TYPE_EFFECTIVENESS": [
                0,
                0.5,
                0.5,
                2,
                2,
                0.5,
                0,
                0.5,
                1,
                1,
                1,
                0.5,
                1,
                2,
                1,
                2,
                0.5,
                1
            ],
            "UTILITY": [
                "Defog"
            ]
        },
        "STARTING_TEAM": [
            "Galvantula",
            "Wo-Chien",
            "Yanmega",
            "Masquerain",
            "Gardevoir"
        ],
        "Better": 1
    },
    "13": {
        "POKEMON_0": "Rotom-Fan",
        "POKEMON_1": {
            "STATS": [
                50,
                35,
                107,
                105,
                107,
                116
            ],
            "TYPE": [
                "Electric",
                "Flying"
            ],
            "TYPE_EFFECTIVENESS": [
                1,
                1,
                1,
                1.0,
                0.5,
                2,
                0.5,
                1,
                0,
                0.5,
                1,
                0.5,
                2,
                1,
                1,
                1,
                0.5,
                1
            ],
            "UTILITY": [
                "Sticky Webs"
            ]
        },
        "STARTING_TEAM": [
            "Steelix-Mega",
            "Crustle",
            "Swellow",
            "Steelix"
        ],
        "Better": 1
    },
    "14": {
        "POKEMON_0": "Stonjourner",
        "POKEMON_1": {
            "STATS": [
                100,
                95,
                135,
                50,
                20,
                70
            ],
            "TYPE": [
                "Steel",
                null
            ],
            "TYPE_EFFECTIVENESS": [
                0.5,
                2,
                1,
                1,
                0.5,
                0.5,
                2,
                0,
                2,
                0.5,
                0.5,
                0.5,
                0.5,
                1,
                0.5,
                1,
                0.5,
                0.5
            ],
            "UTILITY": []
        },
        "STARTING_TEAM": [
            "Darmanitan-Galar",
            "Minior-Meteor"
        ],
        "Better": 1
    },
    "15": {
        "POKEMON_0": "Mabosstiff",
        "POKEMON_1": {
            "STATS": [
                80,
                120,
                90,
                100,
                30,
                85
            ],
            "TYPE": [
                "Dark",
                null
            ],
            "TYPE_EFFECTIVENESS": [
                1,
                1,
                1,
                1,
                1,
                1,
                2,
                1,
                1,
                1,
                0,
                2,
                1,
                0.5,
                1,
                0.5,
                1,
                2
            ],
            "UTILITY": []
        },
        "STARTING_TEAM": [
            "Diancie",
            "Heatmor",
            "Lumineon",
            "Electrode",
            "Infernape"
        ],
        "Better": 0
    },
    "16": {
        "POKEMON_0": "Stunfisk-Galar",
        "POKEMON_1": {
            "STATS": [
                109,
                81,
                99,
                16,
                134,
                32
            ],
            "TYPE": [
                "Ground",
                "Psychic"
            ],
            "TYPE_EFFECTIVENESS": [
                1,
                1,
                2,
                0,
                2,
                2,
                0.5,
                0.5,
                1,
                1,
                0.5,
                2,
                0.5,
                2,
                1,
                2,
                1,
                2
            ],
            "UTILITY": [
                "Stealth Rock",
                "Clear Smog"
            ]
        },
        "STARTING_TEAM": [
            "Palafin-Hero",
            "Tapu Bulu",
            "Altaria-Mega",
            "Klefki"
        ],
        "Better": 1
    },
    "17": {
        "POKEMON_0": "Mamoswine",
        "POKEMON_1": {
            "STATS": [
                110,
                130,
                80,
                90,
                60,
                60
            ],
            "TYPE": [
                "Normal",
                "Ground"
            ],
            "TYPE_EFFECTIVENESS": [
                1,
                1,
                2,
                0,
                2,
                2,
                2,
                0.5,
                1,
                1,
                1,
                1,
                0.5,
                0,
                1,
                1,
                1,
                1
            ],
            "UTILITY": [
                "Reflect",
                "Light Screen",
                "Stealth Rock",
                "Clear Smog",
                "Will-o-Wisp",
                "Tailwind"
            ]
        },
        "STARTING_TEAM": [
            "Melmetal",
            "Altaria-Mega",
            "Enamorus-Therian"
        ],
        "Better": 1
    },
    "18": {
        "POKEMON_0": "Stonjourner",
        "POKEMON_1": {
            "STATS": [
                100,
                175,
                85,
                20,
                20,
                70
            ],
            "TYPE": [
                "Rock",
                null
            ],
            "TYPE_EFFECTIVENESS": [
                0.5,
                0.5,
                2,
                1,
                2,
                1,
                2,
                0.5,
                2,
                0.5,
                1,
                1,
                1,
                1,
                1,
                1,
                2,
                1
            ],
            "UTILITY": [
                "Stealth Rock",
                "Toxic Spikes"
            ]
        },
        "STARTING_TEAM": [
            "Altaria-Mega",
            "Qwilfish-Hisui",
            "Whimsicott",
            "Tauros-Paldea-Aqua"
        ],
        "Better": 1
    },
    "19": {
        "POKEMON_0": "Tauros-Paldea-Aqua",
        "POKEMON_1": {
            "STATS": [
                75,
                110,
                105,
                30,
                40,
                130
            ],
            "TYPE": [
                "Fighting",
                "Water"
            ],
            "TYPE_EFFECTIVENESS": [
                1,
                0.5,
                0.5,
                2,
                2,
                0.5,
                1,
                1,
                1,
                2,
                2,
                0.5,
                0.5,
                1,
                1,
                0.5,
                0.5,
                2
            ],
            "UTILITY": []
        },
        "STARTING_TEAM": [
            "Regirock",
            "Malamar",
            "Jynx",
            "Octillery",
            "Toxapex"
        ],
        "Better": 1
    },
    "20": {
        "POKEMON_0": "Samurott-Hisui",
        "POKEMON_1": {
            "STATS": [
                90,
                128,
                80,
                80,
                65,
                85
            ],
            "TYPE": [
                "Water",
                "Dark"
            ],
            "TYPE_EFFECTIVENESS": [
                1,
                0.5,
                0.5,
                2,
                2,
                0.5,
                2,
                1,
                1,
                1,
                0,
                2,
                1,
                0.5,
                1,
                0.5,
                0.5,
                2
            ],
            "UTILITY": []
        },
        "STARTING_TEAM": [
            "Incineroar",
            "Ogerpon",
            "Gardevoir-Mega",
            "Archeops",
            "Silvally-Grass"
        ],
        "Better": 1
    },
    "21": {
        "POKEMON_0": "Mesprit",
        "POKEMON_1": {
            "STATS": [
                80,
                75,
                105,
                105,
                135,
                80
            ],
            "TYPE": [
                "Psychic",
                null
            ],
            "TYPE_EFFECTIVENESS": [
                1,
                1,
                1,
                1,
                1,
                1,
                0.5,
                1,
                1,
                1,
                0.5,
                2,
                1,
                2,
                1,
                2,
                1,
                2
            ],
            "UTILITY": [
                "U-turn",
                "Baton Pass"
            ]
        },
        "STARTING_TEAM": [
            "Samurott",
            "Pinsir"
        ],
        "Better": 1
    },
    "22": {
        "POKEMON_0": "Regirock",
        "POKEMON_1": {
            "STATS": [
                80,
                100,
                200,
                30,
                100,
                70
            ],
            "TYPE": [
                "Fighting",
                null
            ],
            "TYPE_EFFECTIVENESS": [
                1,
                1,
                1,
                1,
                1,
                1,
                1,
                1,
                1,
                2,
                2,
                0.5,
                0.5,
                1,
                1,
                0.5,
                1,
                2
            ],
            "UTILITY": [
                "Stealth Rock",
                "Spikes",
                "Toxic Spikes",
                "Haze",
                "Tailwind"
            ]
        },
        "STARTING_TEAM": [
            "Accelgor",
            "Lokix",
            "Silvally-Flying"
        ],
        "Better": 0
    },
    "23": {
        "POKEMON_0": "Clawitzer",
        "POKEMON_1": {
            "STATS": [
                71,
                73,
                88,
                100,
                109,
                59
            ],
            "TYPE": [
                "Water",
                "Fighting"
            ],
            "TYPE_EFFECTIVENESS": [
                1,
                0.5,
                0.5,
                2,
                2,
                0.5,
                1,
                1,
                1,
                2,
                2,
                0.5,
                0.5,
                1,
                1,
                0.5,
                0.5,
                2
            ],
            "UTILITY": [
                "U-turn",
                "Haze"
            ]
        },
        "STARTING_TEAM": [
            "Lanturn",
            "Tapu Lele",
            "Golem-Alola",
            "Garbodor",
            "Glaceon"
        ],
        "Better": 1
    }
}