{
    "0": {
        "POKEMON_0": "Ampharos",
        "POKEMON_1": {
            "STATS": [
                90,
                75,
                105,
                115,
                90,
                35
            ],
            "TYPE": [
                "Electric",
                null
            ],
            "TYPE_EFFECTIVENESS": [
                1,
                1,
                1,
                0.5,
                1,
                1,
                1,
                1,
                2,
                0.5,
                1,
                1,
                1,
                1,
                1,
                1,
                0.5,
                1
            ],
            "UTILITY": [
                "Defog"
            ]
        },
        "STARTING_TEAM": [
            "Porygon-Z",
            "Infernape",
            "Heatmor",
            "Diancie"
        ],
        "Better": 1
    },
    "1": {
        "POKEMON_0": "Sinistcha-Masterpiece",
        "POKEMON_1": {
            "STATS": [
                71,
                30,
                106,
                151,
                80,
                70
            ],
            "TYPE": [
                "Dark",
                "Ghost"
            ],
            "TYPE_EFFECTIVENESS": [
                0,
                1,
                1,
                1,
                1,
                1,
                0,
                0.5,
                1,
                1,
                0,
                1.0,
                1,
                1.0,
                1,
                1.0,
                1,
                2
            ],
            "UTILITY": [
                "Rapid Spin",
                "Wish"
            ]
        },
        "STARTING_TEAM": [
            "Deoxys-Speed",
            "Charizard-Mega-Y",
            "Silvally-Flying"
        ],
        "Better": 1
    },
    "2": {
        "POKEMON_0": "Typhlosion-Hisui",
        "POKEMON_1": {
            "STATS": [
                73,
                84,
                108,
                89,
                85,
                95
            ],
            "TYPE": [
                "Bug",
                "Ghost"
            ],
            "TYPE_EFFECTIVENESS": [
                0,
                2,
                1,
                1,
                0.5,
                1,
                0.0,
                0.5,
                0.5,
                2,
                1,
                0.5,
                2,
                2,
                1,
                2,
                1,
                1
            ],
            "UTILITY": []
        },
        "STARTING_TEAM": [
            "Hitmonchan",
            "Thundurus-Therian",
            "Armarouge",
            "Jynx",
            "Drifblim"
        ],
        "Better": 1
    },
    "3": {
        "POKEMON_0": "Ceruledge",
        "POKEMON_1": {
            "STATS": [
                75,
                175,
                80,
                10,
                100,
                85
            ],
            "TYPE": [
                "Fire",
                "Ghost"
            ],
            "TYPE_EFFECTIVENESS": [
                0,
                0.5,
                2,
                1,
                0.5,
                0.5,
                0,
                0.5,
                2,
                1,
                1,
                0.25,
                2,
                2,
                1,
                2,
                0.5,
                0.5
            ],
            "UTILITY": [
                "Light Screen",
                "U-Turn"
            ]
        },
        "STARTING_TEAM": [
            "Lapras",
            "Skarmory"
        ],
        "Better": 1
    }
}