{
    "0": {
        "STARTING_TEAM": [
            "Mesprit",
            "Vespiquen",
            "Sylveon"
        ],
        "POKEMON_0": "Ceruledge",
        "POKEMON_1": {
            "STATS": [
                75,
                125,
                110,
                30,
                100,
                85
            ],
            "TYPE": [
                "Fire",
                "Dragon"
            ],
            "UTILITY": [],
            "TYPE_EFFECTIVENESS": [
                1,
                0.25,
                1.0,
                0.5,
                0.25,
                1.0,
                1,
                1,
                2,
                1,
                1,
                0.5,
                2,
                1,
                2,
                1,
                0.5,
                1.0
            ]
        },
        "Better": 0
    },
    "1": {
        "STARTING_TEAM": [
            "Bisharp",
            "Gholdengo",
            "Latias",
            "Sirfetchu2019d",
            "Ninetales-Alola"
        ],
        "POKEMON_0": "Indeedee-F",
        "POKEMON_1": {
            "STATS": [
                70,
                15,
                105,
                95,
                105,
                85
            ],
            "TYPE": [
                "Psychic",
                "Fighting"
            ],
            "UTILITY": [
                "Reflect"
            ],
            "TYPE_EFFECTIVENESS": [
                1,
                1,
                1,
                1,
                1,
                1,
                0.5,
                1,
                1,
                2,
                1.0,
                1.0,
                0.5,
                2,
                1,
                1.0,
                1,
                4
            ]
        },
        "Better": 0
    },
    "2": {
        "POKEMON_0": "Arbok",
        "POKEMON_1": {
            "STATS": [
                60,
                95,
                89,
                65,
                79,
                60
            ],
            "TYPE": [
                "Poison",
                null
            ],
            "TYPE_EFFECTIVENESS": [
                1,
                1,
                1,
                1,
                0.5,
                1,
                0.5,
                0.5,
                2,
                1,
                2,
                0.5,
                1,
                1,
                1,
                1,
                1,
                0.5
            ],
            "UTILITY": []
        },
        "STARTING_TEAM": [
            "Rapidash-Galar",
            "Bronzong",
            "Meowscarada",
            "Type: Null"
        ],
        "Better": 1
    },
    "3": {
        "POKEMON_0": "Lopunny",
        "POKEMON_1": {
            "STATS": [
                65,
                96,
                84,
                54,
                76,
                105
            ],
            "TYPE": [
                "Normal",
                null
            ],
            "TYPE_EFFECTIVENESS": [
                1,
                1,
                1,
                1,
                1,
                1,
                2,
                1,
                1,
                1,
                1,
                1,
                1,
                0,
                1,
                1,
                1,
                1
            ],
            "UTILITY": [
                "Clear Smog"
            ]
        },
        "STARTING_TEAM": [
            "Tentacruel",
            "Gourgeist-Small",
            "Solrock",
            "Hoopa",
            "Iron Crown"
        ],
        "Better": 0
    },
    "4": {
        "POKEMON_0": "Yanmega",
        "POKEMON_1": {
            "STATS": [
                86,
                106,
                86,
                116,
                26,
                95
            ],
            "TYPE": [
                "Steel",
                "Flying"
            ],
            "TYPE_EFFECTIVENESS": [
                0.5,
                2,
                1,
                2,
                0.25,
                1.0,
                1.0,
                0,
                0,
                0.5,
                0.5,
                0.25,
                1.0,
                1,
                0.5,
                1,
                0.5,
                0.5
            ],
            "UTILITY": []
        },
        "STARTING_TEAM": [
            "Coalossal",
            "Darmanitan-Galar-Zen",
            "Cinccino",
            "Dachsbun"
        ],
        "Better": 1
    },
    "5": {
        "POKEMON_0": "Braviary",
        "POKEMON_1": {
            "STATS": [
                100,
                123,
                45,
                87,
                75,
                80
            ],
            "TYPE": [
                "Ground",
                "Flying"
            ],
            "TYPE_EFFECTIVENESS": [
                1,
                1,
                2,
                0,
                1.0,
                4,
                0.5,
                0.5,
                0,
                1,
                1,
                0.5,
                1.0,
                1,
                1,
                1,
                1,
                1
            ],
            "UTILITY": [
                "Sticky Webs",
                "Wish"
            ]
        },
        "STARTING_TEAM": [
            "Pangoro",
            "Drifblim",
            "Slowbro-Galar",
            "Tauros",
            "Electivire"
        ],
        "Better": 1
    },
    "6": {
        "POKEMON_0": "Azelf",
        "POKEMON_1": {
            "STATS": [
                75,
                125,
                50,
                125,
                90,
                115
            ],
            "TYPE": [
                "Psychic",
                "Ghost"
            ],
            "TYPE_EFFECTIVENESS": [
                0,
                1,
                1,
                1,
                1,
                1,
                0.0,
                0.5,
                1,
                1,
                0.5,
                1.0,
                1,
                4,
                1,
                4,
                1,
                2
            ],
            "UTILITY": [
                "Clear Smog",
                "Tailwind",
                "Reflect"
            ]
        },
        "STARTING_TEAM": [
            "Sandy Shocks",
            "Infernape",
            "Goodra",
            "Noivern",
            "Venomoth"
        ],
        "Better": 1
    },
    "7": {
        "POKEMON_0": "Scolipede",
        "POKEMON_1": {
            "STATS": [
                60,
                70,
                89,
                85,
                69,
                112
            ],
            "TYPE": [
                "Fighting",
                "Poison"
            ],
            "TYPE_EFFECTIVENESS": [
                1,
                1,
                1,
                1,
                0.5,
                1,
                0.5,
                0.5,
                2,
                2,
                4,
                0.25,
                0.5,
                1,
                1,
                0.5,
                1,
                1.0
            ],
            "UTILITY": [
                "Spikes",
                "Toxic Spikes",
                "Baton Pass",
                "Haze",
                "Reflect"
            ]
        },
        "STARTING_TEAM": [
            "Gigalith",
            "Aegislash",
            "Landorus"
        ],
        "Better": 1
    },
    "8": {
        "POKEMON_0": "Mamoswine",
        "POKEMON_1": {
            "STATS": [
                110,
                170,
                80,
                70,
                20,
                80
            ],
            "TYPE": [
                "Ice",
                "Ground"
            ],
            "TYPE_EFFECTIVENESS": [
                1,
                2,
                2,
                0,
                2,
                1.0,
                2,
                0.5,
                1,
                1,
                1,
                1,
                1.0,
                1,
                1,
                1,
                2,
                1
            ],
            "UTILITY": [
                "Clear Smog",
                "Will-o-Wisp"
            ]
        },
        "STARTING_TEAM": [
            "Mantine",
            "Crabominable",
            "Braviary-Hisui",
            "Relicanth",
            "Grimmsnarl"
        ],
        "Better": 1
    },
    "9": {
        "POKEMON_0": "Mimikyu-Busted",
        "POKEMON_1": {
            "STATS": [
                55,
                90,
                80,
                50,
                135,
                66
            ],
            "TYPE": [
                "Ghost",
                "Rock"
            ],
            "TYPE_EFFECTIVENESS": [
                0.0,
                0.5,
                2,
                1,
                2,
                1,
                0,
                0.25,
                2,
                0.5,
                1,
                0.5,
                1,
                2,
                1,
                2,
                2,
                1
            ],
            "UTILITY": [
                "Light Screen"
            ]
        },
        "STARTING_TEAM": [
            "Cyclizar",
            "Zebstrika",
            "Unfezant",
            "Camerupt-Mega",
            "Pangoro"
        ],
        "Better": 0
    },
    "10": {
        "POKEMON_0": "Scyther",
        "POKEMON_1": {
            "STATS": [
                70,
                140,
                80,
                55,
                80,
                75
            ],
            "TYPE": [
                "Bug",
                "Flying"
            ],
            "TYPE_EFFECTIVENESS": [
                1,
                2,
                1,
                2,
                0.25,
                2,
                0.25,
                1,
                0.0,
                2,
                1,
                0.5,
                4,
                1,
                1,
                1,
                1,
                1
            ],
            "UTILITY": [
                "Wish",
                "Reflect"
            ]
        },
        "STARTING_TEAM": [
            "Iron Treads",
            "Scrafty",
            "Jellicent",
            "Clawitzer"
        ],
        "Better": 0
    },
    "11": {
        "POKEMON_0": "Scyther",
        "POKEMON_1": {
            "STATS": [
                70,
                140,
                80,
                55,
                80,
                75
            ],
            "TYPE": [
                "Bug",
                "Flying"
            ],
            "TYPE_EFFECTIVENESS": [
                1,
                2,
                1,
                2,
                0.25,
                2,
                0.25,
                1,
                0.0,
                2,
                1,
                0.5,
                4,
                1,
                1,
                1,
                1,
                1
            ],
            "UTILITY": [
                "Wish",
                "Reflect"
            ]
        },
        "STARTING_TEAM": [
            "Iron Treads",
            "Scrafty",
            "Jellicent",
            "Clawitzer"
        ],
        "Better": 0
    },
    "12": {
        "POKEMON_0": "Primarina",
        "POKEMON_1": {
            "STATS": [
                80,
                74,
                54,
                126,
                136,
                60
            ],
            "TYPE": [
                "Water",
                "Normal"
            ],
            "TYPE_EFFECTIVENESS": [
                1,
                0.5,
                0.5,
                2,
                2,
                0.5,
                2,
                1,
                1,
                1,
                1,
                1,
                1,
                0,
                1,
                1,
                0.5,
                1
            ],
            "UTILITY": [
                "Toxic Spikes"
            ]
        },
        "STARTING_TEAM": [
            "Scizor-Mega",
            "Hoopa",
            "Magneton"
        ],
        "Better": 0
    },
    "13": {
        "POKEMON_0": "Silvally-Electric",
        "POKEMON_1": {
            "STATS": [
                95,
                95,
                95,
                95,
                115,
                75
            ],
            "TYPE": [
                "Bug",
                null
            ],
            "TYPE_EFFECTIVENESS": [
                1,
                2,
                1,
                1,
                0.5,
                1,
                0.5,
                1,
                0.5,
                2,
                1,
                1,
                2,
                1,
                1,
                1,
                1,
                1
            ],
            "UTILITY": []
        },
        "STARTING_TEAM": [
            "Vikavolt",
            "Gliscor"
        ],
        "Better": 0
    },
    "14": {
        "POKEMON_0": "Pelipper",
        "POKEMON_1": {
            "STATS": [
                60,
                30,
                100,
                115,
                70,
                65
            ],
            "TYPE": [
                "Ice",
                "Flying"
            ],
            "TYPE_EFFECTIVENESS": [
                1,
                2,
                1,
                2,
                0.5,
                1.0,
                1.0,
                1,
                0,
                1,
                1,
                0.5,
                4,
                1,
                1,
                1,
                2,
                1
            ],
            "UTILITY": [
                "Tailwind"
            ]
        },
        "STARTING_TEAM": [
            "Silvally-Poison",
            "Drednaw"
        ],
        "Better": 1
    },
    "15": {
        "POKEMON_0": "Carracosta",
        "POKEMON_1": {
            "STATS": [
                74,
                108,
                153,
                83,
                45,
                32
            ],
            "TYPE": [
                "Water",
                "Rock"
            ],
            "TYPE_EFFECTIVENESS": [
                0.5,
                0.25,
                1.0,
                2,
                4,
                0.5,
                2,
                0.5,
                2,
                0.5,
                1,
                1,
                1,
                1,
                1,
                1,
                1.0,
                1
            ],
            "UTILITY": [
                "Wish"
            ]
        },
        "STARTING_TEAM": [
            "Rotom-Frost",
            "Sliggoo",
            "Gyarados"
        ],
        "Better": 1
    },
    "16": {
        "POKEMON_0": "Armarouge",
        "POKEMON_1": {
            "STATS": [
                85,
                60,
                60,
                125,
                120,
                75
            ],
            "TYPE": [
                "Fire",
                "Steel"
            ],
            "TYPE_EFFECTIVENESS": [
                0.5,
                1.0,
                2,
                1,
                0.25,
                0.25,
                2,
                0,
                4,
                0.5,
                0.5,
                0.25,
                1.0,
                1,
                0.5,
                1,
                0.25,
                0.25
            ],
            "UTILITY": [
                "Reflect"
            ]
        },
        "STARTING_TEAM": [
            "Cinderace",
            "Simipour"
        ],
        "Better": 1
    },
    "17": {
        "POKEMON_0": "Stantler",
        "POKEMON_1": {
            "STATS": [
                73,
                65,
                62,
                85,
                95,
                85
            ],
            "TYPE": [
                "Fire",
                null
            ],
            "TYPE_EFFECTIVENESS": [
                1,
                0.5,
                2,
                1,
                0.5,
                0.5,
                1,
                1,
                2,
                1,
                1,
                0.5,
                2,
                1,
                1,
                1,
                0.5,
                0.5
            ],
            "UTILITY": [
                "Defog"
            ]
        },
        "STARTING_TEAM": [
            "Chimecho",
            "Salazzle",
            "Urshifu-Rapid-Strike",
            "Throh"
        ],
        "Better": 0
    },
    "18": {
        "POKEMON_0": "Rotom-Heat",
        "POKEMON_1": {
            "STATS": [
                50,
                115,
                107,
                55,
                107,
                86
            ],
            "TYPE": [
                "Fairy",
                "Fire"
            ],
            "TYPE_EFFECTIVENESS": [
                1,
                0.5,
                2,
                1,
                0.5,
                0.5,
                0.5,
                2,
                2,
                1,
                1,
                0.25,
                2,
                1,
                0,
                0.5,
                1.0,
                0.5
            ],
            "UTILITY": [
                "Will-o-Wisp"
            ]
        },
        "STARTING_TEAM": [
            "Basculegion-F",
            "Liepard",
            "Magmortar",
            "Maractus"
        ],
        "Better": 1
    },
    "19": {
        "POKEMON_0": "Ludicolo",
        "POKEMON_1": {
            "STATS": [
                80,
                70,
                110,
                90,
                60,
                70
            ],
            "TYPE": [
                "Water",
                "Flying"
            ],
            "TYPE_EFFECTIVENESS": [
                1,
                0.5,
                0.5,
                4,
                1.0,
                1.0,
                0.5,
                1,
                0,
                1,
                1,
                0.5,
                2,
                1,
                1,
                1,
                0.5,
                1
            ],
            "UTILITY": []
        },
        "STARTING_TEAM": [
            "Virizion",
            "Weavile"
        ],
        "Better": 1
    }
}