{
    "0": {
        "POKEMON_0": "Oricorio-Pa'u",
        "POKEMON_1": {
            "STATS": [
                75,
                40,
                100,
                98,
                70,
                93
            ],
            "TYPE": [
                "Psychic",
                "Flying"
            ],
            "TYPE_EFFECTIVENESS": [
                1,
                1,
                1,
                2,
                0.5,
                2,
                0.25,
                1,
                0,
                1,
                0.5,
                1.0,
                2,
                2,
                1,
                2,
                1,
                2
            ],
            "UTILITY": [
                "Wish"
            ]
        },
        "STARTING_TEAM": [
            "Okidogi",
            "Rapidash",
            "Tyranitar",
            "Houndoom-Mega",
            "Silvally"
        ],
        "Better": 1
    },
    "1": {
        "POKEMON_0": "Mew",
        "POKEMON_1": {
            "STATS": [
                100,
                150,
                50,
                100,
                100,
                100
            ],
            "TYPE": [
                "Water",
                null
            ],
            "TYPE_EFFECTIVENESS": [
                1,
                0.5,
                0.5,
                2,
                2,
                0.5,
                1,
                1,
                1,
                1,
                1,
                1,
                1,
                1,
                1,
                1,
                0.5,
                1
            ],
            "UTILITY": [
                "Light Screen",
                "Sticky Webs"
            ]
        },
        "STARTING_TEAM": [
            "Brambleghast",
            "Bastiodon",
            "Hawlucha",
            "Volcanion"
        ],
        "Better": 0
    },
    "2": {
        "POKEMON_0": "Incineroar",
        "POKEMON_1": {
            "STATS": [
                95,
                115,
                90,
                40,
                90,
                100
            ],
            "TYPE": [
                "Fairy",
                "Dark"
            ],
            "TYPE_EFFECTIVENESS": [
                1,
                1,
                1,
                1,
                1,
                1,
                1.0,
                2,
                1,
                1,
                0,
                1.0,
                1,
                0.5,
                0,
                0.25,
                2,
                2
            ],
            "UTILITY": [
                "Will-o-Wisp"
            ]
        },
        "STARTING_TEAM": [
            "Iron Jugulis",
            "Goodra",
            "Eldegoss"
        ],
        "Better": 1
    },
    "3": {
        "POKEMON_0": "Weezing",
        "POKEMON_1": {
            "STATS": [
                65,
                90,
                120,
                115,
                40,
                60
            ],
            "TYPE": [
                "Grass",
                null
            ],
            "TYPE_EFFECTIVENESS": [
                1,
                2,
                0.5,
                0.5,
                0.5,
                2,
                1,
                2,
                0.5,
                2,
                1,
                2,
                1,
                1,
                1,
                1,
                1,
                1
            ],
            "UTILITY": [
                "Toxic Spikes",
                "Clear Smog",
                "Will-o-Wisp",
                "Tailwind"
            ]
        },
        "STARTING_TEAM": [
            "Electabuzz",
            "Golisopod",
            "Enamorus-Therian"
        ],
        "Better": 0
    }
}