{
    "0": {
        "STARTING_TEAM": [
            "Nidoking",
            "Lilligant-Hisui",
            "Mabosstiff",
            "Greninja"
        ],
        "POKEMON_0": "Bisharp",
        "POKEMON_1": {
            "STATS": [
                65,
                95,
                100,
                60,
                100,
                70
            ],
            "TYPE": [
                "Water",
                "Steel"
            ],
            "UTILITY": [
                "Defog",
                "Haze"
            ],
            "TYPE_EFFECTIVENESS": [
                0.5,
                1.0,
                0.5,
                2,
                1.0,
                0.25,
                2,
                0,
                2,
                0.5,
                0.5,
                0.5,
                0.5,
                1,
                0.5,
                1,
                0.25,
                0.5
            ]
        },
        "Better": 0
    },
    "1": {
        "STARTING_TEAM": [
            "Oinkologne",
            "Aromatisse",
            "Landorus-Therian",
            "Ludicolo"
        ],
        "POKEMON_0": "Annihilape",
        "POKEMON_1": {
            "STATS": [
                110,
                65,
                80,
                50,
                90,
                140
            ],
            "TYPE": [
                "Fighting",
                "Ghost"
            ],
            "UTILITY": [
                "Clear Smog"
            ],
            "TYPE_EFFECTIVENESS": [
                0,
                1,
                1,
                1,
                1,
                1,
                0,
                0.5,
                1,
                2,
                2,
                0.25,
                0.5,
                2,
                1,
                1.0,
                1,
                2
            ]
        },
        "Better": 1
    }
}