{
    "0": {
        "POKEMON_0": "Silvally-Electric",
        "POKEMON_1": {
            "STATS": [
                95,
                125,
                65,
                95,
                95,
                95
            ],
            "TYPE": [
                "Electric",
                null
            ],
            "TYPE_EFFECTIVENESS": [
                1,
                1,
                1,
                0.5,
                1,
                1,
                1,
                1,
                2,
                0.5,
                1,
                1,
                1,
                1,
                1,
                1,
                0.5,
                1
            ],
            "UTILITY": []
        },
        "STARTING_TEAM": [
            "Volcanion",
            "Lanturn",
            "Hypno"
        ],
        "Better": 1
    },
    "1": {
        "POKEMON_0": "Emboar",
        "POKEMON_1": {
            "STATS": [
                110,
                143,
                45,
                100,
                65,
                65
            ],
            "TYPE": [
                "Bug",
                "Fighting"
            ],
            "TYPE_EFFECTIVENESS": [
                1,
                2,
                1,
                1,
                0.5,
                1,
                0.5,
                1,
                0.5,
                4,
                2,
                0.5,
                1.0,
                1,
                1,
                0.5,
                1,
                2
            ],
            "UTILITY": [
                "Will-o-Wisp",
                "Clear Smog",
                "Reflect"
            ]
        },
        "STARTING_TEAM": [
            "Kangaskhan-Mega",
            "Mienshao",
            "Maractus",
            "Sceptile-Mega",
            "Steelix"
        ],
        "Better": 0
    },
    "2": {
        "POKEMON_0": "Gardevoir",
        "POKEMON_1": {
            "STATS": [
                68,
                115,
                65,
                125,
                65,
                80
            ],
            "TYPE": [
                "Psychic",
                "Fairy"
            ],
            "TYPE_EFFECTIVENESS": [
                1,
                1,
                1,
                1,
                1,
                1,
                0.25,
                2,
                1,
                1,
                0.5,
                1.0,
                1,
                2,
                0,
                1.0,
                2,
                2
            ],
            "UTILITY": []
        },
        "STARTING_TEAM": [
            "Silvally-Ground",
            "Gigalith",
            "Hatterene",
            "Suicune",
            "Tapu Koko"
        ],
        "Better": 0
    },
    "3": {
        "POKEMON_0": "Alomomola",
        "POKEMON_1": {
            "STATS": [
                165,
                125,
                30,
                40,
                45,
                65
            ],
            "TYPE": [
                "Steel",
                null
            ],
            "TYPE_EFFECTIVENESS": [
                0.5,
                2,
                1,
                1,
                0.5,
                0.5,
                2,
                0,
                2,
                0.5,
                0.5,
                0.5,
                0.5,
                1,
                0.5,
                1,
                0.5,
                0.5
            ],
            "UTILITY": [
                "Wish"
            ]
        },
        "STARTING_TEAM": [
            "Runerigus",
            "Arcanine-Hisui",
            "Mr. Mime-Galar",
            "Basculin"
        ],
        "Better": 1
    }
}