{
    "0": {
        "POKEMON_0": "Lanturn",
        "POKEMON_1": {
            "STATS": [
                125,
                58,
                28,
                76,
                76,
                97
            ],
            "TYPE": [
                "Poison",
                "Electric"
            ],
            "TYPE_EFFECTIVENESS": [
                1,
                1,
                1,
                0.5,
                0.5,
                1,
                0.5,
                0.5,
                4,
                0.5,
                2,
                0.5,
                1,
                1,
                1,
                1,
                0.5,
                0.5
            ],
            "UTILITY": [
                "U-Turn"
            ]
        },
        "STARTING_TEAM": [
            "Mr. Mime-Galar",
            "Venomoth"
        ],
        "Better": 1
    },
    "1": {
        "POKEMON_0": "Haxorus",
        "POKEMON_1": {
            "STATS": [
                76,
                117,
                90,
                90,
                70,
                97
            ],
            "TYPE": [
                "Dragon",
                null
            ],
            "TYPE_EFFECTIVENESS": [
                1,
                0.5,
                0.5,
                0.5,
                0.5,
                2,
                1,
                1,
                1,
                1,
                1,
                1,
                1,
                1,
                2,
                1,
                1,
                2
            ],
            "UTILITY": []
        },
        "STARTING_TEAM": [
            "Ampharos-Mega",
            "Darmanitan"
        ],
        "Better": 0
    },
    "2": {
        "POKEMON_0": "Tornadus-Therian",
        "POKEMON_1": {
            "STATS": [
                79,
                100,
                110,
                80,
                90,
                121
            ],
            "TYPE": [
                "Bug",
                null
            ],
            "TYPE_EFFECTIVENESS": [
                1,
                2,
                1,
                1,
                0.5,
                1,
                0.5,
                1,
                0.5,
                2,
                1,
                1,
                2,
                1,
                1,
                1,
                1,
                1
            ],
            "UTILITY": []
        },
        "STARTING_TEAM": [
            "Chesnaught",
            "Eldegoss",
            "Lunatone",
            "Chimecho"
        ],
        "Better": 1
    },
    "3": {
        "POKEMON_0": "Basculegion-F",
        "POKEMON_1": {
            "STATS": [
                120,
                122,
                65,
                70,
                75,
                78
            ],
            "TYPE": [
                "Fairy",
                "Ghost"
            ],
            "TYPE_EFFECTIVENESS": [
                0,
                1,
                1,
                1,
                1,
                1,
                0.0,
                1.0,
                1,
                1,
                1,
                0.25,
                1,
                2,
                0,
                1.0,
                2,
                1
            ],
            "UTILITY": [
                "Light Screen"
            ]
        },
        "STARTING_TEAM": [
            "Camerupt",
            "Silvally-Poison",
            "Rhyperior",
            "Great Tusk"
        ],
        "Better": 0
    }
}