{
    "0": {
        "POKEMON_0": "Absol-Mega",
        "POKEMON_1": {
            "STATS": [
                65,
                150,
                40,
                115,
                80,
                115
            ],
            "TYPE": [
                "Dark",
                null
            ],
            "TYPE_EFFECTIVENESS": [
                1,
                1,
                1,
                1,
                1,
                1,
                2,
                1,
                1,
                1,
                0,
                2,
                1,
                0.5,
                1,
                0.5,
                1,
                2
            ],
            "UTILITY": [
                "Wish"
            ]
        },
        "STARTING_TEAM": [
            "Slither Wing",
            "Lapras",
            "Polteageist",
            "Abomasnow"
        ],
        "Better": 0
    },
    "1": {
        "POKEMON_0": "Altaria",
        "POKEMON_1": {
            "STATS": [
                75,
                70,
                90,
                70,
                105,
                80
            ],
            "TYPE": [
                "Dragon",
                "Flying"
            ],
            "TYPE_EFFECTIVENESS": [
                1,
                0.5,
                0.5,
                1.0,
                0.25,
                4,
                0.5,
                1,
                0,
                1,
                1,
                0.5,
                2,
                1,
                2,
                1,
                1,
                2
            ],
            "UTILITY": [
                "Haze",
                "Reflect",
                "Light Screen"
            ]
        },
        "STARTING_TEAM": [
            "Kingambit",
            "Sableye-Mega",
            "Huntail"
        ],
        "Better": 0
    },
    "2": {
        "POKEMON_0": "Basculegion-F",
        "POKEMON_1": {
            "STATS": [
                120,
                122,
                35,
                100,
                75,
                78
            ],
            "TYPE": [
                "Water",
                "Ghost"
            ],
            "TYPE_EFFECTIVENESS": [
                0,
                0.5,
                0.5,
                2,
                2,
                0.5,
                0,
                0.5,
                1,
                1,
                1,
                0.5,
                1,
                2,
                1,
                2,
                0.5,
                1
            ],
            "UTILITY": [
                "Light Screen"
            ]
        },
        "STARTING_TEAM": [
            "Swampert-Mega",
            "Samurott",
            "Electivire",
            "Weezing"
        ],
        "Better": 1
    },
    "3": {
        "POKEMON_0": "Heatran",
        "POKEMON_1": {
            "STATS": [
                91,
                90,
                106,
                130,
                76,
                107
            ],
            "TYPE": [
                "Fire",
                "Steel"
            ],
            "TYPE_EFFECTIVENESS": [
                0.5,
                1.0,
                2,
                1,
                0.25,
                0.25,
                2,
                0,
                4,
                0.5,
                0.5,
                0.25,
                1.0,
                1,
                0.5,
                1,
                0.25,
                0.25
            ],
            "UTILITY": [
                "Wish"
            ]
        },
        "STARTING_TEAM": [
            "Mesprit",
            "Minior",
            "Snorlax",
            "Hydreigon"
        ],
        "Better": 0
    },
    "4": {
        "POKEMON_0": "Scizor",
        "POKEMON_1": {
            "STATS": [
                70,
                130,
                100,
                55,
                80,
                65
            ],
            "TYPE": [
                "Ghost",
                "Steel"
            ],
            "TYPE_EFFECTIVENESS": [
                0.0,
                2,
                1,
                1,
                0.5,
                0.5,
                0,
                0.0,
                2,
                0.5,
                0.5,
                0.25,
                0.5,
                2,
                0.5,
                2,
                0.5,
                0.5
            ],
            "UTILITY": [
                "U-turn",
                "Clear Smog"
            ]
        },
        "STARTING_TEAM": [
            "Dodrio",
            "Sceptile"
        ],
        "Better": 1
    },
    "5": {
        "POKEMON_0": "Shiftry",
        "POKEMON_1": {
            "STATS": [
                90,
                80,
                80,
                90,
                60,
                80
            ],
            "TYPE": [
                "Bug",
                "Dark"
            ],
            "TYPE_EFFECTIVENESS": [
                1,
                2,
                1,
                1,
                0.5,
                1,
                1.0,
                1,
                0.5,
                2,
                0,
                2,
                2,
                0.5,
                1,
                0.5,
                1,
                2
            ],
            "UTILITY": [
                "Will-o-Wisp",
                "Tailwind"
            ]
        },
        "STARTING_TEAM": [
            "Tyrantrum",
            "Toedscruel",
            "Slaking",
            "Sharpedo"
        ],
        "Better": 1
    },
    "6": {
        "POKEMON_0": "Bisharp",
        "POKEMON_1": {
            "STATS": [
                65,
                125,
                100,
                60,
                70,
                70
            ],
            "TYPE": [
                "Dark",
                "Fire"
            ],
            "TYPE_EFFECTIVENESS": [
                1,
                0.5,
                2,
                1,
                0.5,
                0.5,
                2,
                1,
                2,
                1,
                0,
                1.0,
                2,
                0.5,
                1,
                0.5,
                0.5,
                1.0
            ],
            "UTILITY": [
                "Will-o-Wisp"
            ]
        },
        "STARTING_TEAM": [
            "Blacephalon",
            "Raichu",
            "Nidoking",
            "Donphan"
        ],
        "Better": 0
    },
    "7": {
        "POKEMON_0": "Muk-Alola",
        "POKEMON_1": {
            "STATS": [
                105,
                125,
                75,
                65,
                100,
                30
            ],
            "TYPE": [
                "Fighting",
                "Dark"
            ],
            "TYPE_EFFECTIVENESS": [
                1,
                1,
                1,
                1,
                1,
                1,
                2,
                1,
                1,
                2,
                0,
                1.0,
                0.5,
                0.5,
                1,
                0.25,
                1,
                4
            ],
            "UTILITY": [
                "Haze"
            ]
        },
        "STARTING_TEAM": [
            "Vikavolt",
            "Drampa",
            "Lycanroc-Dusk"
        ],
        "Better": 1
    },
    "8": {
        "POKEMON_0": "Braviary-Hisui",
        "POKEMON_1": {
            "STATS": [
                110,
                63,
                70,
                132,
                70,
                65
            ],
            "TYPE": [
                "Poison",
                "Flying"
            ],
            "TYPE_EFFECTIVENESS": [
                1,
                1,
                1,
                2,
                0.25,
                2,
                0.25,
                0.5,
                0,
                1,
                2,
                0.25,
                2,
                1,
                1,
                1,
                1,
                0.5
            ],
            "UTILITY": [
                "Defog"
            ]
        },
        "STARTING_TEAM": [
            "Cresselia",
            "Xatu",
            "Chimecho",
            "Nidoking"
        ],
        "Better": 1
    },
    "9": {
        "POKEMON_0": "Thundurus",
        "POKEMON_1": {
            "STATS": [
                79,
                115,
                70,
                125,
                80,
                111
            ],
            "TYPE": [
                "Electric",
                "Steel"
            ],
            "TYPE_EFFECTIVENESS": [
                0.5,
                2,
                1,
                0.5,
                0.5,
                0.5,
                2,
                0,
                4,
                0.25,
                0.5,
                0.5,
                0.5,
                1,
                0.5,
                1,
                0.25,
                0.5
            ],
            "UTILITY": [
                "Defog"
            ]
        },
        "STARTING_TEAM": [
            "Toxicroak",
            "Eldegoss"
        ],
        "Better": 0
    },
    "10": {
        "POKEMON_0": "Ogerpon-Hearthflame",
        "POKEMON_1": {
            "STATS": [
                80,
                80,
                84,
                60,
                136,
                110
            ],
            "TYPE": [
                "Psychic",
                "Fire"
            ],
            "TYPE_EFFECTIVENESS": [
                1,
                0.5,
                2,
                1,
                0.5,
                0.5,
                0.5,
                1,
                2,
                1,
                0.5,
                1.0,
                2,
                2,
                1,
                2,
                0.5,
                1.0
            ],
            "UTILITY": []
        },
        "STARTING_TEAM": [
            "Fearow",
            "Camerupt-Mega",
            "Eiscue-Noice",
            "Weavile"
        ],
        "Better": 0
    },
    "11": {
        "POKEMON_0": "Urshifu-Rapid-Strike",
        "POKEMON_1": {
            "STATS": [
                100,
                130,
                100,
                33,
                90,
                97
            ],
            "TYPE": [
                "Steel",
                "Water"
            ],
            "TYPE_EFFECTIVENESS": [
                0.5,
                1.0,
                0.5,
                2,
                1.0,
                0.25,
                2,
                0,
                2,
                0.5,
                0.5,
                0.5,
                0.5,
                1,
                0.5,
                1,
                0.25,
                0.5
            ],
            "UTILITY": [
                "U-turn",
                "Wish",
                "Reflect"
            ]
        },
        "STARTING_TEAM": [
            "Blastoise",
            "Steelix-Mega",
            "Sinistcha",
            "Oranguru"
        ],
        "Better": 1
    }
}