{
    "0": {
        "POKEMON_0": "Meloetta-Pirouette",
        "POKEMON_1": {
            "STATS": [
                100,
                158,
                60,
                77,
                77,
                128
            ],
            "TYPE": [
                "Normal",
                "Fighting"
            ],
            "TYPE_EFFECTIVENESS": [
                1,
                1,
                1,
                1,
                1,
                1,
                2,
                1,
                1,
                2,
                2,
                0.5,
                0.5,
                0,
                1,
                0.5,
                1,
                2
            ],
            "UTILITY": [
                "Sticky Webs"
            ]
        },
        "STARTING_TEAM": [
            "Amoonguss",
            "Komala"
        ],
        "Better": 1
    }
}