{
    "0": {
        "POKEMON_0": "Barraskewda",
        "POKEMON_1": {
            "STATS": [
                61,
                153,
                60,
                60,
                20,
                136
            ],
            "TYPE": [
                "Water",
                null
            ],
            "TYPE_EFFECTIVENESS": [
                1,
                0.5,
                0.5,
                2,
                2,
                0.5,
                1,
                1,
                1,
                1,
                1,
                1,
                1,
                1,
                1,
                1,
                0.5,
                1
            ],
            "UTILITY": [
                "Light Screen"
            ]
        },
        "STARTING_TEAM": [
            "Gorebyss",
            "Nidoking",
            "Chesnaught",
            "Avalugg-Hisui",
            "Carracosta"
        ],
        "Better": 1
    },
    "1": {
        "POKEMON_0": "Articuno",
        "POKEMON_1": {
            "STATS": [
                90,
                65,
                100,
                115,
                125,
                85
            ],
            "TYPE": [
                "Water",
                "Flying"
            ],
            "TYPE_EFFECTIVENESS": [
                1,
                0.5,
                0.5,
                4,
                1.0,
                1.0,
                0.5,
                1,
                0,
                1,
                1,
                0.5,
                2,
                1,
                1,
                1,
                0.5,
                1
            ],
            "UTILITY": [
                "Defog",
                "Haze",
                "Tailwind",
                "Light Screen"
            ]
        },
        "STARTING_TEAM": [
            "Roserade",
            "Silvally-Dragon"
        ],
        "Better": 1
    },
    "2": {
        "POKEMON_0": "Venomoth",
        "POKEMON_1": {
            "STATS": [
                70,
                35,
                60,
                120,
                75,
                90
            ],
            "TYPE": [
                "Grass",
                "Poison"
            ],
            "TYPE_EFFECTIVENESS": [
                1,
                2,
                0.5,
                0.5,
                0.25,
                2,
                0.5,
                1.0,
                1.0,
                2,
                2,
                1.0,
                1,
                1,
                1,
                1,
                1,
                0.5
            ],
            "UTILITY": [
                "Tailwind",
                "Rapid Spin",
                "Reflect"
            ]
        },
        "STARTING_TEAM": [
            "Urshifu-Rapid-Strike",
            "Toxicroak"
        ],
        "Better": 1
    },
    "3": {
        "POKEMON_0": "Grimmsnarl",
        "POKEMON_1": {
            "STATS": [
                95,
                120,
                95,
                95,
                45,
                60
            ],
            "TYPE": [
                "Ice",
                "Fairy"
            ],
            "TYPE_EFFECTIVENESS": [
                1,
                2,
                1,
                1,
                1,
                0.5,
                1.0,
                2,
                1,
                1,
                1,
                0.5,
                2,
                1,
                0,
                0.5,
                4,
                1
            ],
            "UTILITY": [
                "Defog",
                "Sticky Webs"
            ]
        },
        "STARTING_TEAM": [
            "Cresselia",
            "Sandy Shocks",
            "Crabominable"
        ],
        "Better": 0
    },
    "4": {
        "POKEMON_0": "Cherrim",
        "POKEMON_1": {
            "STATS": [
                70,
                60,
                70,
                57,
                108,
                85
            ],
            "TYPE": [
                "Fairy",
                null
            ],
            "TYPE_EFFECTIVENESS": [
                1,
                1,
                1,
                1,
                1,
                1,
                0.5,
                2,
                1,
                1,
                1,
                0.5,
                1,
                1,
                0,
                0.5,
                2,
                1
            ],
            "UTILITY": [
                "Defog",
                "Rapid Spin",
                "Spikes"
            ]
        },
        "STARTING_TEAM": [
            "Carbink",
            "Mudsdale",
            "Hoopa",
            "Mienshao"
        ],
        "Better": 1
    }
}