{
    "0": {
        "STARTING_TEAM": [
            "Salazzle",
            "Lopunny-Mega",
            "Tauros-Paldea-Combat",
            "Calyrex"
        ],
        "POKEMON_0": "Slowbro",
        "POKEMON_1": {
            "STATS": [
                95,
                75,
                110,
                100,
                80,
                30
            ],
            "TYPE": [
                "Water",
                null
            ],
            "UTILITY": [],
            "TYPE_EFFECTIVENESS": [
                1,
                0.5,
                0.5,
                2,
                2,
                0.5,
                1,
                1,
                1,
                1,
                1,
                1,
                1,
                1,
                1,
                1,
                0.5,
                1
            ]
        },
        "Better": 0
    },
    "1": {
        "STARTING_TEAM": [
            "Qwilfish-Hisui",
            "Oinkologne-F"
        ],
        "POKEMON_0": "Cloyster",
        "POKEMON_1": {
            "STATS": [
                50,
                95,
                180,
                85,
                45,
                70
            ],
            "TYPE": [
                "Water",
                "Ice"
            ],
            "UTILITY": [
                "Reflect",
                "Light Screen",
                "Sticky Webs",
                "Will-o-Wisp"
            ],
            "TYPE_EFFECTIVENESS": [
                1,
                1.0,
                0.5,
                2,
                2,
                0.5,
                1.0,
                1,
                1,
                1,
                1,
                1,
                2,
                1,
                1,
                1,
                1.0,
                1
            ]
        },
        "Better": 1
    },
    "2": {
        "STARTING_TEAM": [
            "Gothitelle",
            "Simisear",
            "Bisharp",
            "Lunatone"
        ],
        "POKEMON_0": "Mamoswine",
        "POKEMON_1": {
            "STATS": [
                110,
                130,
                60,
                70,
                80,
                80
            ],
            "TYPE": [
                "Ice",
                "Electric"
            ],
            "UTILITY": [],
            "TYPE_EFFECTIVENESS": [
                1,
                2,
                1,
                0.5,
                1,
                1,
                1.0,
                1,
                2,
                0.5,
                1,
                1,
                2,
                1,
                1,
                1,
                1.0,
                1
            ]
        },
        "Better": 1
    }
}