{
    "0": {
        "POKEMON_0": "Meloetta-Pirouette",
        "POKEMON_1": {
            "STATS": [
                100,
                128,
                90,
                107,
                77,
                98
            ],
            "TYPE": [
                "Normal",
                "Dark"
            ],
            "TYPE_EFFECTIVENESS": [
                1,
                1,
                1,
                1,
                1,
                1,
                4,
                1,
                1,
                1,
                0,
                2,
                1,
                0.0,
                1,
                0.5,
                1,
                2
            ],
            "UTILITY": [
                "Stealth Rock"
            ]
        },
        "STARTING_TEAM": [
            "Oinkologne-F",
            "Silvally-Psychic",
            "Goodra-Hisui",
            "Turtonator"
        ],
        "Better": 0
    },
    "1": {
        "POKEMON_0": "Silvally-Fairy",
        "POKEMON_1": {
            "STATS": [
                95,
                135,
                95,
                55,
                95,
                95
            ],
            "TYPE": [
                "Fire",
                null
            ],
            "TYPE_EFFECTIVENESS": [
                1,
                0.5,
                2,
                1,
                0.5,
                0.5,
                1,
                1,
                2,
                1,
                1,
                0.5,
                2,
                1,
                1,
                1,
                0.5,
                0.5
            ],
            "UTILITY": []
        },
        "STARTING_TEAM": [
            "Scizor",
            "Incineroar",
            "Conkeldurr"
        ],
        "Better": 0
    },
    "2": {
        "POKEMON_0": "Tapu Fini",
        "POKEMON_1": {
            "STATS": [
                70,
                125,
                65,
                95,
                130,
                85
            ],
            "TYPE": [
                "Ground",
                "Fairy"
            ],
            "TYPE_EFFECTIVENESS": [
                1,
                1,
                2,
                0,
                2,
                2,
                0.5,
                1.0,
                1,
                1,
                1,
                0.5,
                0.5,
                1,
                0,
                0.5,
                2,
                1
            ],
            "UTILITY": [
                "Defog",
                "Haze",
                "U-Turn"
            ]
        },
        "STARTING_TEAM": [
            "Cloyster",
            "Cherrim-Sunshine"
        ],
        "Better": 1
    }
}