{
    "0": {
        "STARTING_TEAM": [
            "Cloyster",
            "Overqwil",
            "Dewgong",
            "Ribombee",
            "Sandslash"
        ],
        "POKEMON_0": "Scream Tail",
        "POKEMON_1": {
            "STATS": [
                115,
                65,
                129,
                35,
                115,
                111
            ],
            "TYPE": [
                "Fairy",
                "Water"
            ],
            "UTILITY": [],
            "TYPE_EFFECTIVENESS": [
                1,
                0.5,
                0.5,
                2,
                2,
                0.5,
                0.5,
                2,
                1,
                1,
                1,
                0.5,
                1,
                1,
                0,
                0.5,
                1.0,
                1
            ]
        },
        "Better": 0
    }
}