{
    "0": {
        "STARTING_TEAM": [
            "Mesprit",
            "Vespiquen",
            "Sylveon"
        ],
        "POKEMON_0": "Ceruledge",
        "POKEMON_1": {
            "STATS": [
                75,
                125,
                110,
                30,
                100,
                85
            ],
            "TYPE": [
                "Fire",
                "Dragon"
            ],
            "UTILITY": [],
            "TYPE_EFFECTIVENESS": [
                1,
                0.25,
                1.0,
                0.5,
                0.25,
                1.0,
                1,
                1,
                2,
                1,
                1,
                0.5,
                2,
                1,
                2,
                1,
                0.5,
                1.0
            ]
        },
        "Better": 0
    },
    "1": {
        "STARTING_TEAM": [
            "Bisharp",
            "Gholdengo",
            "Latias",
            "Sirfetchu2019d",
            "Ninetales-Alola"
        ],
        "POKEMON_0": "Indeedee-F",
        "POKEMON_1": {
            "STATS": [
                70,
                15,
                105,
                95,
                105,
                85
            ],
            "TYPE": [
                "Psychic",
                "Fighting"
            ],
            "UTILITY": [
                "Reflect"
            ],
            "TYPE_EFFECTIVENESS": [
                1,
                1,
                1,
                1,
                1,
                1,
                0.5,
                1,
                1,
                2,
                1.0,
                1.0,
                0.5,
                2,
                1,
                1.0,
                1,
                4
            ]
        },
        "Better": 0
    },
    "2": {
        "POKEMON_0": "Arbok",
        "POKEMON_1": {
            "STATS": [
                60,
                95,
                89,
                65,
                79,
                60
            ],
            "TYPE": [
                "Poison",
                null
            ],
            "TYPE_EFFECTIVENESS": [
                1,
                1,
                1,
                1,
                0.5,
                1,
                0.5,
                0.5,
                2,
                1,
                2,
                0.5,
                1,
                1,
                1,
                1,
                1,
                0.5
            ],
            "UTILITY": []
        },
        "STARTING_TEAM": [
            "Rapidash-Galar",
            "Bronzong",
            "Meowscarada",
            "Type: Null"
        ],
        "Better": 1
    },
    "3": {
        "POKEMON_0": "Lopunny",
        "POKEMON_1": {
            "STATS": [
                65,
                96,
                84,
                54,
                76,
                105
            ],
            "TYPE": [
                "Normal",
                null
            ],
            "TYPE_EFFECTIVENESS": [
                1,
                1,
                1,
                1,
                1,
                1,
                2,
                1,
                1,
                1,
                1,
                1,
                1,
                0,
                1,
                1,
                1,
                1
            ],
            "UTILITY": [
                "Clear Smog"
            ]
        },
        "STARTING_TEAM": [
            "Tentacruel",
            "Gourgeist-Small",
            "Solrock",
            "Hoopa",
            "Iron Crown"
        ],
        "Better": 0
    },
    "4": {
        "POKEMON_0": "Yanmega",
        "POKEMON_1": {
            "STATS": [
                86,
                106,
                86,
                116,
                26,
                95
            ],
            "TYPE": [
                "Steel",
                "Flying"
            ],
            "TYPE_EFFECTIVENESS": [
                0.5,
                2,
                1,
                2,
                0.25,
                1.0,
                1.0,
                0,
                0,
                0.5,
                0.5,
                0.25,
                1.0,
                1,
                0.5,
                1,
                0.5,
                0.5
            ],
            "UTILITY": []
        },
        "STARTING_TEAM": [
            "Coalossal",
            "Darmanitan-Galar-Zen",
            "Cinccino",
            "Dachsbun"
        ],
        "Better": 1
    },
    "5": {
        "POKEMON_0": "Braviary",
        "POKEMON_1": {
            "STATS": [
                100,
                123,
                45,
                87,
                75,
                80
            ],
            "TYPE": [
                "Ground",
                "Flying"
            ],
            "TYPE_EFFECTIVENESS": [
                1,
                1,
                2,
                0,
                1.0,
                4,
                0.5,
                0.5,
                0,
                1,
                1,
                0.5,
                1.0,
                1,
                1,
                1,
                1,
                1
            ],
            "UTILITY": [
                "Sticky Webs",
                "Wish"
            ]
        },
        "STARTING_TEAM": [
            "Pangoro",
            "Drifblim",
            "Slowbro-Galar",
            "Tauros",
            "Electivire"
        ],
        "Better": 1
    },
    "6": {
        "POKEMON_0": "Azelf",
        "POKEMON_1": {
            "STATS": [
                75,
                125,
                50,
                125,
                90,
                115
            ],
            "TYPE": [
                "Psychic",
                "Ghost"
            ],
            "TYPE_EFFECTIVENESS": [
                0,
                1,
                1,
                1,
                1,
                1,
                0.0,
                0.5,
                1,
                1,
                0.5,
                1.0,
                1,
                4,
                1,
                4,
                1,
                2
            ],
            "UTILITY": [
                "Clear Smog",
                "Tailwind",
                "Reflect"
            ]
        },
        "STARTING_TEAM": [
            "Sandy Shocks",
            "Infernape",
            "Goodra",
            "Noivern",
            "Venomoth"
        ],
        "Better": 1
    },
    "7": {
        "POKEMON_0": "Scolipede",
        "POKEMON_1": {
            "STATS": [
                60,
                70,
                89,
                85,
                69,
                112
            ],
            "TYPE": [
                "Fighting",
                "Poison"
            ],
            "TYPE_EFFECTIVENESS": [
                1,
                1,
                1,
                1,
                0.5,
                1,
                0.5,
                0.5,
                2,
                2,
                4,
                0.25,
                0.5,
                1,
                1,
                0.5,
                1,
                1.0
            ],
            "UTILITY": [
                "Spikes",
                "Toxic Spikes",
                "Baton Pass",
                "Haze",
                "Reflect"
            ]
        },
        "STARTING_TEAM": [
            "Gigalith",
            "Aegislash",
            "Landorus"
        ],
        "Better": 1
    },
    "8": {
        "POKEMON_0": "Mamoswine",
        "POKEMON_1": {
            "STATS": [
                110,
                170,
                80,
                70,
                20,
                80
            ],
            "TYPE": [
                "Ice",
                "Ground"
            ],
            "TYPE_EFFECTIVENESS": [
                1,
                2,
                2,
                0,
                2,
                1.0,
                2,
                0.5,
                1,
                1,
                1,
                1,
                1.0,
                1,
                1,
                1,
                2,
                1
            ],
            "UTILITY": [
                "Clear Smog",
                "Will-o-Wisp"
            ]
        },
        "STARTING_TEAM": [
            "Mantine",
            "Crabominable",
            "Braviary-Hisui",
            "Relicanth",
            "Grimmsnarl"
        ],
        "Better": 1
    },
    "9": {
        "POKEMON_0": "Mimikyu-Busted",
        "POKEMON_1": {
            "STATS": [
                55,
                90,
                80,
                50,
                135,
                66
            ],
            "TYPE": [
                "Ghost",
                "Rock"
            ],
            "TYPE_EFFECTIVENESS": [
                0.0,
                0.5,
                2,
                1,
                2,
                1,
                0,
                0.25,
                2,
                0.5,
                1,
                0.5,
                1,
                2,
                1,
                2,
                2,
                1
            ],
            "UTILITY": [
                "Light Screen"
            ]
        },
        "STARTING_TEAM": [
            "Cyclizar",
            "Zebstrika",
            "Unfezant",
            "Camerupt-Mega",
            "Pangoro"
        ],
        "Better": 0
    },
    "10": {
        "POKEMON_0": "Scyther",
        "POKEMON_1": {
            "STATS": [
                70,
                140,
                80,
                55,
                80,
                75
            ],
            "TYPE": [
                "Bug",
                "Flying"
            ],
            "TYPE_EFFECTIVENESS": [
                1,
                2,
                1,
                2,
                0.25,
                2,
                0.25,
                1,
                0.0,
                2,
                1,
                0.5,
                4,
                1,
                1,
                1,
                1,
                1
            ],
            "UTILITY": [
                "Wish",
                "Reflect"
            ]
        },
        "STARTING_TEAM": [
            "Iron Treads",
            "Scrafty",
            "Jellicent",
            "Clawitzer"
        ],
        "Better": 0
    },
    "11": {
        "POKEMON_0": "Scyther",
        "POKEMON_1": {
            "STATS": [
                70,
                140,
                80,
                55,
                80,
                75
            ],
            "TYPE": [
                "Bug",
                "Flying"
            ],
            "TYPE_EFFECTIVENESS": [
                1,
                2,
                1,
                2,
                0.25,
                2,
                0.25,
                1,
                0.0,
                2,
                1,
                0.5,
                4,
                1,
                1,
                1,
                1,
                1
            ],
            "UTILITY": [
                "Wish",
                "Reflect"
            ]
        },
        "STARTING_TEAM": [
            "Iron Treads",
            "Scrafty",
            "Jellicent",
            "Clawitzer"
        ],
        "Better": 0
    },
    "12": {
        "POKEMON_0": "Primarina",
        "POKEMON_1": {
            "STATS": [
                80,
                74,
                54,
                126,
                136,
                60
            ],
            "TYPE": [
                "Water",
                "Normal"
            ],
            "TYPE_EFFECTIVENESS": [
                1,
                0.5,
                0.5,
                2,
                2,
                0.5,
                2,
                1,
                1,
                1,
                1,
                1,
                1,
                0,
                1,
                1,
                0.5,
                1
            ],
            "UTILITY": [
                "Toxic Spikes"
            ]
        },
        "STARTING_TEAM": [
            "Scizor-Mega",
            "Hoopa",
            "Magneton"
        ],
        "Better": 0
    },
    "13": {
        "POKEMON_0": "Silvally-Electric",
        "POKEMON_1": {
            "STATS": [
                95,
                95,
                95,
                95,
                115,
                75
            ],
            "TYPE": [
                "Bug",
                null
            ],
            "TYPE_EFFECTIVENESS": [
                1,
                2,
                1,
                1,
                0.5,
                1,
                0.5,
                1,
                0.5,
                2,
                1,
                1,
                2,
                1,
                1,
                1,
                1,
                1
            ],
            "UTILITY": []
        },
        "STARTING_TEAM": [
            "Vikavolt",
            "Gliscor"
        ],
        "Better": 0
    },
    "14": {
        "POKEMON_0": "Pelipper",
        "POKEMON_1": {
            "STATS": [
                60,
                30,
                100,
                115,
                70,
                65
            ],
            "TYPE": [
                "Ice",
                "Flying"
            ],
            "TYPE_EFFECTIVENESS": [
                1,
                2,
                1,
                2,
                0.5,
                1.0,
                1.0,
                1,
                0,
                1,
                1,
                0.5,
                4,
                1,
                1,
                1,
                2,
                1
            ],
            "UTILITY": [
                "Tailwind"
            ]
        },
        "STARTING_TEAM": [
            "Silvally-Poison",
            "Drednaw"
        ],
        "Better": 1
    },
    "15": {
        "POKEMON_0": "Carracosta",
        "POKEMON_1": {
            "STATS": [
                74,
                108,
                153,
                83,
                45,
                32
            ],
            "TYPE": [
                "Water",
                "Rock"
            ],
            "TYPE_EFFECTIVENESS": [
                0.5,
                0.25,
                1.0,
                2,
                4,
                0.5,
                2,
                0.5,
                2,
                0.5,
                1,
                1,
                1,
                1,
                1,
                1,
                1.0,
                1
            ],
            "UTILITY": [
                "Wish"
            ]
        },
        "STARTING_TEAM": [
            "Rotom-Frost",
            "Sliggoo",
            "Gyarados"
        ],
        "Better": 1
    },
    "16": {
        "POKEMON_0": "Armarouge",
        "POKEMON_1": {
            "STATS": [
                85,
                60,
                60,
                125,
                120,
                75
            ],
            "TYPE": [
                "Fire",
                "Steel"
            ],
            "TYPE_EFFECTIVENESS": [
                0.5,
                1.0,
                2,
                1,
                0.25,
                0.25,
                2,
                0,
                4,
                0.5,
                0.5,
                0.25,
                1.0,
                1,
                0.5,
                1,
                0.25,
                0.25
            ],
            "UTILITY": [
                "Reflect"
            ]
        },
        "STARTING_TEAM": [
            "Cinderace",
            "Simipour"
        ],
        "Better": 1
    },
    "17": {
        "POKEMON_0": "Stantler",
        "POKEMON_1": {
            "STATS": [
                73,
                65,
                62,
                85,
                95,
                85
            ],
            "TYPE": [
                "Fire",
                null
            ],
            "TYPE_EFFECTIVENESS": [
                1,
                0.5,
                2,
                1,
                0.5,
                0.5,
                1,
                1,
                2,
                1,
                1,
                0.5,
                2,
                1,
                1,
                1,
                0.5,
                0.5
            ],
            "UTILITY": [
                "Defog"
            ]
        },
        "STARTING_TEAM": [
            "Chimecho",
            "Salazzle",
            "Urshifu-Rapid-Strike",
            "Throh"
        ],
        "Better": 0
    },
    "18": {
        "POKEMON_0": "Rotom-Heat",
        "POKEMON_1": {
            "STATS": [
                50,
                115,
                107,
                55,
                107,
                86
            ],
            "TYPE": [
                "Fairy",
                "Fire"
            ],
            "TYPE_EFFECTIVENESS": [
                1,
                0.5,
                2,
                1,
                0.5,
                0.5,
                0.5,
                2,
                2,
                1,
                1,
                0.25,
                2,
                1,
                0,
                0.5,
                1.0,
                0.5
            ],
            "UTILITY": [
                "Will-o-Wisp"
            ]
        },
        "STARTING_TEAM": [
            "Basculegion-F",
            "Liepard",
            "Magmortar",
            "Maractus"
        ],
        "Better": 1
    },
    "19": {
        "POKEMON_0": "Ludicolo",
        "POKEMON_1": {
            "STATS": [
                80,
                70,
                110,
                90,
                60,
                70
            ],
            "TYPE": [
                "Water",
                "Flying"
            ],
            "TYPE_EFFECTIVENESS": [
                1,
                0.5,
                0.5,
                4,
                1.0,
                1.0,
                0.5,
                1,
                0,
                1,
                1,
                0.5,
                2,
                1,
                1,
                1,
                0.5,
                1
            ],
            "UTILITY": []
        },
        "STARTING_TEAM": [
            "Virizion",
            "Weavile"
        ],
        "Better": 1
    },
    "20": {
        "POKEMON_0": "Iron Jugulis",
        "POKEMON_1": {
            "STATS": [
                94,
                80,
                86,
                162,
                40,
                108
            ],
            "TYPE": [
                "Grass",
                "Flying"
            ],
            "TYPE_EFFECTIVENESS": [
                1,
                2,
                0.5,
                1.0,
                0.25,
                4,
                0.5,
                2,
                0.0,
                2,
                1,
                1.0,
                2,
                1,
                1,
                1,
                1,
                1
            ],
            "UTILITY": []
        },
        "STARTING_TEAM": [
            "Orbeetle",
            "Venusaur-Mega",
            "Mimikyu-Busted"
        ],
        "Better": 0
    },
    "21": {
        "POKEMON_0": "Girafarig",
        "POKEMON_1": {
            "STATS": [
                70,
                110,
                65,
                60,
                65,
                85
            ],
            "TYPE": [
                "Ground",
                "Psychic"
            ],
            "TYPE_EFFECTIVENESS": [
                1,
                1,
                2,
                0,
                2,
                2,
                0.5,
                0.5,
                1,
                1,
                0.5,
                2,
                0.5,
                2,
                1,
                2,
                1,
                1
            ],
            "UTILITY": [
                "Reflect"
            ]
        },
        "STARTING_TEAM": [
            "Steelix-Mega",
            "Ting-Lu",
            "Zygarde"
        ],
        "Better": 1
    },
    "22": {
        "POKEMON_0": "Klawf",
        "POKEMON_1": {
            "STATS": [
                70,
                100,
                85,
                65,
                55,
                75
            ],
            "TYPE": [
                "Water",
                null
            ],
            "TYPE_EFFECTIVENESS": [
                1,
                0.5,
                0.5,
                2,
                2,
                0.5,
                1,
                1,
                1,
                1,
                1,
                1,
                1,
                1,
                1,
                1,
                0.5,
                1
            ],
            "UTILITY": []
        },
        "STARTING_TEAM": [
            "Gholdengo",
            "Thundurus",
            "Cinderace",
            "Basculegion",
            "Rotom-Fan"
        ],
        "Better": 1
    },
    "23": {
        "POKEMON_0": "Simisage",
        "POKEMON_1": {
            "STATS": [
                75,
                118,
                63,
                98,
                63,
                81
            ],
            "TYPE": [
                "Water",
                null
            ],
            "TYPE_EFFECTIVENESS": [
                1,
                0.5,
                0.5,
                2,
                2,
                0.5,
                1,
                1,
                1,
                1,
                1,
                1,
                1,
                1,
                1,
                1,
                0.5,
                1
            ],
            "UTILITY": []
        },
        "STARTING_TEAM": [
            "Kommo-o",
            "Nidoking",
            "Scovillain",
            "Altaria"
        ],
        "Better": 0
    },
    "24": {
        "POKEMON_0": "Frosmoth",
        "POKEMON_1": {
            "STATS": [
                70,
                105,
                20,
                125,
                90,
                65
            ],
            "TYPE": [
                "Ice",
                "Bug"
            ],
            "TYPE_EFFECTIVENESS": [
                1,
                4,
                1,
                1,
                0.5,
                0.5,
                1.0,
                1,
                0.5,
                2,
                1,
                1,
                4,
                1,
                1,
                1,
                2,
                1
            ],
            "UTILITY": [
                "Defog",
                "Toxic Spikes"
            ]
        },
        "STARTING_TEAM": [
            "Rotom-Wash",
            "Exeggutor"
        ],
        "Better": 0
    },
    "25": {
        "POKEMON_0": "Golem-Alola",
        "POKEMON_1": {
            "STATS": [
                80,
                120,
                100,
                55,
                65,
                75
            ],
            "TYPE": [
                "Rock",
                "Electric"
            ],
            "TYPE_EFFECTIVENESS": [
                0.5,
                0.5,
                2,
                0.5,
                2,
                1,
                2,
                0.5,
                4,
                0.25,
                1,
                1,
                1,
                1,
                1,
                1,
                1.0,
                1
            ],
            "UTILITY": [
                "Stealth Rock",
                "Sticky Webs"
            ]
        },
        "STARTING_TEAM": [
            "Hitmonlee",
            "Ogerpon-Cornerstone"
        ],
        "Better": 1
    },
    "26": {
        "POKEMON_0": "Seismitoad",
        "POKEMON_1": {
            "STATS": [
                105,
                95,
                105,
                85,
                75,
                44
            ],
            "TYPE": [
                "Water",
                "Steel"
            ],
            "TYPE_EFFECTIVENESS": [
                0.5,
                1.0,
                0.5,
                2,
                1.0,
                0.25,
                2,
                0,
                2,
                0.5,
                0.5,
                0.5,
                0.5,
                1,
                0.5,
                1,
                0.25,
                0.5
            ],
            "UTILITY": []
        },
        "STARTING_TEAM": [
            "Walking Wake",
            "Tapu Bulu",
            "Armaldo",
            "Zarude",
            "Durant"
        ],
        "Better": 0
    },
    "27": {
        "POKEMON_0": "Lycanroc-Midnight",
        "POKEMON_1": {
            "STATS": [
                85,
                115,
                45,
                55,
                105,
                82
            ],
            "TYPE": [
                "Flying",
                null
            ],
            "TYPE_EFFECTIVENESS": [
                1,
                1,
                1,
                2,
                0.5,
                2,
                0.5,
                1,
                0,
                1,
                1,
                0.5,
                2,
                1,
                1,
                1,
                1,
                1
            ],
            "UTILITY": [
                "Clear Smog"
            ]
        },
        "STARTING_TEAM": [
            "Exeggutor-Alola",
            "Whiscash",
            "Espathra",
            "Roserade",
            "Typhlosion-Hisui"
        ],
        "Better": 1
    },
    "28": {
        "POKEMON_0": "Politoed",
        "POKEMON_1": {
            "STATS": [
                90,
                75,
                75,
                140,
                100,
                20
            ],
            "TYPE": [
                "Ghost",
                null
            ],
            "TYPE_EFFECTIVENESS": [
                0,
                1,
                1,
                1,
                1,
                1,
                0,
                0.5,
                1,
                1,
                1,
                0.5,
                1,
                2,
                1,
                2,
                1,
                1
            ],
            "UTILITY": []
        },
        "STARTING_TEAM": [
            "Solrock",
            "Golbat",
            "Tauros-Paldea-Combat",
            "Hitmonchan",
            "Aerodactyl-Mega"
        ],
        "Better": 1
    },
    "29": {
        "POKEMON_0": "Politoed",
        "POKEMON_1": {
            "STATS": [
                90,
                115,
                75,
                90,
                60,
                70
            ],
            "TYPE": [
                "Water",
                null
            ],
            "TYPE_EFFECTIVENESS": [
                1,
                0.5,
                0.5,
                2,
                2,
                0.5,
                1,
                1,
                1,
                1,
                1,
                1,
                1,
                1,
                1,
                1,
                0.5,
                1
            ],
            "UTILITY": [
                "Light Screen",
                "Baton Pass"
            ]
        },
        "STARTING_TEAM": [
            "Guzzlord",
            "Flygon",
            "Weezing",
            "Drednaw",
            "Garchomp-Mega"
        ],
        "Better": 0
    },
    "30": {
        "POKEMON_0": "Great Tusk",
        "POKEMON_1": {
            "STATS": [
                115,
                131,
                111,
                53,
                53,
                107
            ],
            "TYPE": [
                "Flying",
                "Fighting"
            ],
            "TYPE_EFFECTIVENESS": [
                1,
                1,
                1,
                2,
                0.5,
                2,
                0.5,
                1,
                0,
                2,
                2,
                0.25,
                1.0,
                1,
                1,
                0.5,
                1,
                2
            ],
            "UTILITY": []
        },
        "STARTING_TEAM": [
            "Muk",
            "Silvally-Steel",
            "Tentacruel",
            "Drifblim"
        ],
        "Better": 0
    },
    "31": {
        "POKEMON_0": "Rapidash",
        "POKEMON_1": {
            "STATS": [
                65,
                100,
                40,
                80,
                110,
                105
            ],
            "TYPE": [
                "Normal",
                null
            ],
            "TYPE_EFFECTIVENESS": [
                1,
                1,
                1,
                1,
                1,
                1,
                2,
                1,
                1,
                1,
                1,
                1,
                1,
                0,
                1,
                1,
                1,
                1
            ],
            "UTILITY": []
        },
        "STARTING_TEAM": [
            "Roaring Moon",
            "Jolteon"
        ],
        "Better": 1
    },
    "32": {
        "POKEMON_0": "Ampharos-Mega",
        "POKEMON_1": {
            "STATS": [
                90,
                95,
                105,
                135,
                140,
                45
            ],
            "TYPE": [
                "Electric",
                "Normal"
            ],
            "TYPE_EFFECTIVENESS": [
                1,
                1,
                1,
                0.5,
                1,
                1,
                2,
                1,
                2,
                0.5,
                1,
                1,
                1,
                0,
                1,
                1,
                0.5,
                1
            ],
            "UTILITY": [
                "Sticky Webs",
                "Tailwind",
                "Reflect"
            ]
        },
        "STARTING_TEAM": [
            "Cherrim-Sunshine",
            "Basculegion-F",
            "Machamp",
            "Houndstone"
        ],
        "Better": 0
    },
    "33": {
        "POKEMON_0": "Mew",
        "POKEMON_1": {
            "STATS": [
                100,
                50,
                100,
                100,
                150,
                100
            ],
            "TYPE": [
                "Psychic",
                null
            ],
            "TYPE_EFFECTIVENESS": [
                1,
                1,
                1,
                1,
                1,
                1,
                0.5,
                1,
                1,
                1,
                0.5,
                2,
                1,
                2,
                1,
                2,
                1,
                1
            ],
            "UTILITY": [
                "Spikes"
            ]
        },
        "STARTING_TEAM": [
            "Okidogi",
            "Miltank",
            "Beedrill-Mega",
            "Polteageist"
        ],
        "Better": 1
    },
    "34": {
        "POKEMON_0": "Slowbro",
        "POKEMON_1": {
            "STATS": [
                95,
                75,
                80,
                130,
                80,
                30
            ],
            "TYPE": [
                "Normal",
                "Psychic"
            ],
            "TYPE_EFFECTIVENESS": [
                1,
                1,
                1,
                1,
                1,
                1,
                1.0,
                1,
                1,
                1,
                0.5,
                2,
                1,
                0,
                1,
                2,
                1,
                1
            ],
            "UTILITY": [
                "Defog",
                "Sticky Webs",
                "Wish"
            ]
        },
        "STARTING_TEAM": [
            "Eldegoss",
            "Heracross"
        ],
        "Better": 0
    },
    "35": {
        "POKEMON_0": "Empoleon",
        "POKEMON_1": {
            "STATS": [
                84,
                86,
                118,
                111,
                71,
                60
            ],
            "TYPE": [
                "Water",
                "Steel"
            ],
            "TYPE_EFFECTIVENESS": [
                0.5,
                1.0,
                0.5,
                2,
                1.0,
                0.25,
                2,
                0,
                2,
                0.5,
                0.5,
                0.5,
                0.5,
                1,
                0.5,
                1,
                0.25,
                0.5
            ],
            "UTILITY": [
                "Haze"
            ]
        },
        "STARTING_TEAM": [
            "Silvally",
            "Clawitzer"
        ],
        "Better": 0
    },
    "36": {
        "POKEMON_0": "Hitmonchan",
        "POKEMON_1": {
            "STATS": [
                50,
                75,
                109,
                35,
                110,
                76
            ],
            "TYPE": [
                "Poison",
                null
            ],
            "TYPE_EFFECTIVENESS": [
                1,
                1,
                1,
                1,
                0.5,
                1,
                0.5,
                0.5,
                2,
                1,
                2,
                0.5,
                1,
                1,
                1,
                1,
                1,
                0.5
            ],
            "UTILITY": [
                "Wish"
            ]
        },
        "STARTING_TEAM": [
            "Calyrex",
            "Claydol"
        ],
        "Better": 1
    },
    "37": {
        "POKEMON_0": "Ogerpon-Wellspring",
        "POKEMON_1": {
            "STATS": [
                80,
                120,
                84,
                110,
                46,
                110
            ],
            "TYPE": [
                "Psychic",
                "Water"
            ],
            "TYPE_EFFECTIVENESS": [
                1,
                0.5,
                0.5,
                2,
                2,
                0.5,
                0.5,
                1,
                1,
                1,
                0.5,
                2,
                1,
                2,
                1,
                2,
                0.5,
                1
            ],
            "UTILITY": [
                "Light Screen"
            ]
        },
        "STARTING_TEAM": [
            "Lopunny-Mega",
            "Araquanid"
        ],
        "Better": 1
    },
    "38": {
        "POKEMON_0": "Cherrim-Sunshine",
        "POKEMON_1": {
            "STATS": [
                70,
                100,
                30,
                87,
                78,
                85
            ],
            "TYPE": [
                "Grass",
                "Ghost"
            ],
            "TYPE_EFFECTIVENESS": [
                0,
                2,
                0.5,
                0.5,
                0.5,
                2,
                0,
                1.0,
                0.5,
                2,
                1,
                1.0,
                1,
                2,
                1,
                2,
                1,
                1
            ],
            "UTILITY": []
        },
        "STARTING_TEAM": [
            "Pyroar",
            "Nidoking",
            "Kleavor"
        ],
        "Better": 1
    },
    "39": {
        "POKEMON_0": "Mesprit",
        "POKEMON_1": {
            "STATS": [
                80,
                105,
                105,
                135,
                105,
                50
            ],
            "TYPE": [
                "Psychic",
                "Electric"
            ],
            "TYPE_EFFECTIVENESS": [
                1,
                1,
                1,
                0.5,
                1,
                1,
                0.5,
                1,
                2,
                0.5,
                0.5,
                2,
                1,
                2,
                1,
                2,
                0.5,
                1
            ],
            "UTILITY": [
                "Light Screen",
                "Reflect"
            ]
        },
        "STARTING_TEAM": [
            "Orthworm",
            "Darkrai",
            "Maushold",
            "Terapagos"
        ],
        "Better": 1
    },
    "40": {
        "POKEMON_0": "Eiscue-Noice",
        "POKEMON_1": {
            "STATS": [
                75,
                50,
                100,
                65,
                50,
                130
            ],
            "TYPE": [
                "Fairy",
                null
            ],
            "TYPE_EFFECTIVENESS": [
                1,
                1,
                1,
                1,
                1,
                1,
                0.5,
                2,
                1,
                1,
                1,
                0.5,
                1,
                1,
                0,
                0.5,
                2,
                1
            ],
            "UTILITY": [
                "Stealth Rock",
                "Defog"
            ]
        },
        "STARTING_TEAM": [
            "Garbodor",
            "Gallade"
        ],
        "Better": 1
    },
    "41": {
        "POKEMON_0": "Rotom-Mow",
        "POKEMON_1": {
            "STATS": [
                50,
                45,
                127,
                105,
                107,
                86
            ],
            "TYPE": [
                "Electric",
                "Grass"
            ],
            "TYPE_EFFECTIVENESS": [
                1,
                2,
                0.5,
                0.25,
                0.5,
                2,
                1,
                2,
                1.0,
                1.0,
                1,
                2,
                1,
                1,
                1,
                1,
                0.5,
                1
            ],
            "UTILITY": []
        },
        "STARTING_TEAM": [
            "Torterra",
            "Infernape",
            "Electrode",
            "Terapagos",
            "Okidogi"
        ],
        "Better": 1
    },
    "42": {
        "POKEMON_0": "Zygarde",
        "POKEMON_1": {
            "STATS": [
                108,
                100,
                121,
                81,
                95,
                95
            ],
            "TYPE": [
                "Water",
                "Ground"
            ],
            "TYPE_EFFECTIVENESS": [
                1,
                0.5,
                1.0,
                0,
                4,
                1.0,
                1,
                0.5,
                1,
                1,
                1,
                1,
                0.5,
                1,
                1,
                1,
                0.5,
                1
            ],
            "UTILITY": []
        },
        "STARTING_TEAM": [
            "Alcremie",
            "Relicanth",
            "Muk-Alola",
            "Serperior"
        ],
        "Better": 0
    },
    "43": {
        "POKEMON_0": "Swanna",
        "POKEMON_1": {
            "STATS": [
                75,
                87,
                113,
                37,
                63,
                98
            ],
            "TYPE": [
                "Water",
                "Rock"
            ],
            "TYPE_EFFECTIVENESS": [
                0.5,
                0.25,
                1.0,
                2,
                4,
                0.5,
                2,
                0.5,
                2,
                0.5,
                1,
                1,
                1,
                1,
                1,
                1,
                1.0,
                1
            ],
            "UTILITY": [
                "Defog",
                "Tailwind"
            ]
        },
        "STARTING_TEAM": [
            "Silvally-Ice",
            "Toxtricity",
            "Iron Hands",
            "Weavile"
        ],
        "Better": 1
    },
    "44": {
        "POKEMON_0": "Beedrill-Mega",
        "POKEMON_1": {
            "STATS": [
                65,
                130,
                40,
                35,
                80,
                145
            ],
            "TYPE": [
                "Bug",
                "Poison"
            ],
            "TYPE_EFFECTIVENESS": [
                1,
                2,
                1,
                1,
                0.25,
                1,
                0.25,
                0.5,
                1.0,
                2,
                2,
                0.5,
                2,
                1,
                1,
                1,
                1,
                0.5
            ],
            "UTILITY": [
                "Defog",
                "Toxic Spikes",
                "Tailwind",
                "Reflect"
            ]
        },
        "STARTING_TEAM": [
            "Incineroar",
            "Gogoat"
        ],
        "Better": 0
    },
    "45": {
        "POKEMON_0": "Purugly",
        "POKEMON_1": {
            "STATS": [
                71,
                82,
                64,
                34,
                89,
                112
            ],
            "TYPE": [
                "Rock",
                null
            ],
            "TYPE_EFFECTIVENESS": [
                0.5,
                0.5,
                2,
                1,
                2,
                1,
                2,
                0.5,
                2,
                0.5,
                1,
                1,
                1,
                1,
                1,
                1,
                2,
                1
            ],
            "UTILITY": []
        },
        "STARTING_TEAM": [
            "Moltres",
            "Kabutops",
            "Blastoise-Mega"
        ],
        "Better": 0
    },
    "46": {
        "POKEMON_0": "Krookodile",
        "POKEMON_1": {
            "STATS": [
                95,
                97,
                80,
                65,
                90,
                92
            ],
            "TYPE": [
                "Grass",
                "Dark"
            ],
            "TYPE_EFFECTIVENESS": [
                1,
                2,
                0.5,
                0.5,
                0.5,
                2,
                2,
                2,
                0.5,
                2,
                0,
                4,
                1,
                0.5,
                1,
                0.5,
                1,
                2
            ],
            "UTILITY": [
                "Sticky Webs"
            ]
        },
        "STARTING_TEAM": [
            "Silvally-Fire",
            "Aurorus",
            "Silvally-Bug",
            "Golem",
            "Gengar"
        ],
        "Better": 1
    },
    "47": {
        "POKEMON_0": "Dubwool",
        "POKEMON_1": {
            "STATS": [
                72,
                110,
                70,
                60,
                90,
                88
            ],
            "TYPE": [
                "Water",
                null
            ],
            "TYPE_EFFECTIVENESS": [
                1,
                0.5,
                0.5,
                2,
                2,
                0.5,
                1,
                1,
                1,
                1,
                1,
                1,
                1,
                1,
                1,
                1,
                0.5,
                1
            ],
            "UTILITY": [
                "Baton Pass"
            ]
        },
        "STARTING_TEAM": [
            "Charizard",
            "Gyarados",
            "Tauros"
        ],
        "Better": 1
    },
    "48": {
        "POKEMON_0": "Espathra",
        "POKEMON_1": {
            "STATS": [
                95,
                40,
                60,
                121,
                60,
                105
            ],
            "TYPE": [
                "Psychic",
                null
            ],
            "TYPE_EFFECTIVENESS": [
                1,
                1,
                1,
                1,
                1,
                1,
                0.5,
                1,
                1,
                1,
                0.5,
                2,
                1,
                2,
                1,
                2,
                1,
                1
            ],
            "UTILITY": [
                "U-turn",
                "Rapid Spin"
            ]
        },
        "STARTING_TEAM": [
            "Vaporeon",
            "Slowking",
            "Sharpedo-Mega"
        ],
        "Better": 1
    },
    "49": {
        "POKEMON_0": "Toxapex",
        "POKEMON_1": {
            "STATS": [
                50,
                13,
                152,
                53,
                192,
                35
            ],
            "TYPE": [
                "Electric",
                "Water"
            ],
            "TYPE_EFFECTIVENESS": [
                1,
                0.5,
                0.5,
                1.0,
                2,
                0.5,
                1,
                1,
                2,
                0.5,
                1,
                1,
                1,
                1,
                1,
                1,
                0.25,
                1
            ],
            "UTILITY": [
                "Toxic Spikes",
                "Haze"
            ]
        },
        "STARTING_TEAM": [
            "Toucannon",
            "Raichu-Alola",
            "Haxorus"
        ],
        "Better": 1
    },
    "50": {
        "POKEMON_0": "Decidueye-Hisui",
        "POKEMON_1": {
            "STATS": [
                88,
                112,
                80,
                135,
                55,
                60
            ],
            "TYPE": [
                "Normal",
                "Fighting"
            ],
            "TYPE_EFFECTIVENESS": [
                1,
                1,
                1,
                1,
                1,
                1,
                2,
                1,
                1,
                2,
                2,
                0.5,
                0.5,
                0,
                1,
                0.5,
                1,
                2
            ],
            "UTILITY": [
                "Defog",
                "Tailwind",
                "Spikes"
            ]
        },
        "STARTING_TEAM": [
            "Charizard-Mega-X",
            "Silvally-Flying",
            "Mr. Mime"
        ],
        "Better": 1
    },
    "51": {
        "POKEMON_0": "Ninjask",
        "POKEMON_1": {
            "STATS": [
                61,
                130,
                45,
                50,
                10,
                160
            ],
            "TYPE": [
                "Bug",
                null
            ],
            "TYPE_EFFECTIVENESS": [
                1,
                2,
                1,
                1,
                0.5,
                1,
                0.5,
                1,
                0.5,
                2,
                1,
                1,
                2,
                1,
                1,
                1,
                1,
                1
            ],
            "UTILITY": [
                "Reflect"
            ]
        },
        "STARTING_TEAM": [
            "Grafaiai",
            "Gogoat",
            "Crawdaunt"
        ],
        "Better": 1
    },
    "52": {
        "POKEMON_0": "Ribombee",
        "POKEMON_1": {
            "STATS": [
                60,
                55,
                60,
                95,
                70,
                124
            ],
            "TYPE": [
                "Dragon",
                "Fairy"
            ],
            "TYPE_EFFECTIVENESS": [
                1,
                0.5,
                0.5,
                0.5,
                0.5,
                2,
                0.5,
                2,
                1,
                1,
                1,
                0.5,
                1,
                1,
                0,
                0.5,
                2,
                2
            ],
            "UTILITY": [
                "Tailwind",
                "Reflect",
                "Haze"
            ]
        },
        "STARTING_TEAM": [
            "Mismagius",
            "Tyrantrum"
        ],
        "Better": 1
    },
    "53": {
        "POKEMON_0": "Dracovish",
        "POKEMON_1": {
            "STATS": [
                90,
                60,
                130,
                70,
                80,
                75
            ],
            "TYPE": [
                "Water",
                "Dragon"
            ],
            "TYPE_EFFECTIVENESS": [
                1,
                0.25,
                0.25,
                1.0,
                1.0,
                1.0,
                1,
                1,
                1,
                1,
                1,
                1,
                1,
                1,
                2,
                1,
                0.5,
                2
            ],
            "UTILITY": []
        },
        "STARTING_TEAM": [
            "Miltank",
            "Zebstrika",
            "Sharpedo-Mega",
            "Regice"
        ],
        "Better": 1
    },
    "54": {
        "POKEMON_0": "Steelix-Mega",
        "POKEMON_1": {
            "STATS": [
                75,
                125,
                230,
                35,
                115,
                30
            ],
            "TYPE": [
                "Steel",
                "Dark"
            ],
            "TYPE_EFFECTIVENESS": [
                0.5,
                2,
                1,
                1,
                0.5,
                0.5,
                4,
                0,
                2,
                0.5,
                0.0,
                1.0,
                0.5,
                0.5,
                0.5,
                0.5,
                0.5,
                1.0
            ],
            "UTILITY": [
                "Reflect"
            ]
        },
        "STARTING_TEAM": [
            "Annihilape",
            "Maushold-Four",
            "Boltund"
        ],
        "Better": 1
    },
    "55": {
        "POKEMON_0": "Silvally-Bug",
        "POKEMON_1": {
            "STATS": [
                95,
                95,
                95,
                145,
                45,
                95
            ],
            "TYPE": [
                "Fighting",
                null
            ],
            "TYPE_EFFECTIVENESS": [
                1,
                1,
                1,
                1,
                1,
                1,
                1,
                1,
                1,
                2,
                2,
                0.5,
                0.5,
                1,
                1,
                0.5,
                1,
                2
            ],
            "UTILITY": []
        },
        "STARTING_TEAM": [
            "Rhydon",
            "Basculin-Blue-Striped",
            "Moltres-Galar",
            "Sneasler",
            "Volcanion"
        ],
        "Better": 1
    },
    "56": {
        "POKEMON_0": "Polteageist",
        "POKEMON_1": {
            "STATS": [
                60,
                45,
                65,
                134,
                134,
                70
            ],
            "TYPE": [
                "Poison",
                null
            ],
            "TYPE_EFFECTIVENESS": [
                1,
                1,
                1,
                1,
                0.5,
                1,
                0.5,
                0.5,
                2,
                1,
                2,
                0.5,
                1,
                1,
                1,
                1,
                1,
                0.5
            ],
            "UTILITY": []
        },
        "STARTING_TEAM": [
            "Tauros-Paldea-Blaze",
            "Rapidash-Galar",
            "Tyranitar",
            "Terapagos"
        ],
        "Better": 0
    },
    "57": {
        "POKEMON_0": "Sigilyph",
        "POKEMON_1": {
            "STATS": [
                72,
                78,
                80,
                103,
                60,
                97
            ],
            "TYPE": [
                "Psychic",
                "Flying"
            ],
            "TYPE_EFFECTIVENESS": [
                1,
                1,
                1,
                2,
                0.5,
                2,
                0.25,
                1,
                0,
                1,
                0.5,
                1.0,
                2,
                2,
                1,
                2,
                1,
                1
            ],
            "UTILITY": [
                "Reflect"
            ]
        },
        "STARTING_TEAM": [
            "Mimikyu",
            "Aggron-Mega",
            "Toxicroak"
        ],
        "Better": 0
    },
    "58": {
        "POKEMON_0": "Articuno-Galar",
        "POKEMON_1": {
            "STATS": [
                90,
                115,
                85,
                95,
                100,
                95
            ],
            "TYPE": [
                "Psychic",
                "Dark"
            ],
            "TYPE_EFFECTIVENESS": [
                1,
                1,
                1,
                1,
                1,
                1,
                1.0,
                1,
                1,
                1,
                0.0,
                4,
                1,
                1.0,
                1,
                1.0,
                1,
                2
            ],
            "UTILITY": []
        },
        "STARTING_TEAM": [
            "Braviary",
            "Primeape",
            "Kangaskhan",
            "Venomoth"
        ],
        "Better": 0
    },
    "59": {
        "POKEMON_0": "Umbreon",
        "POKEMON_1": {
            "STATS": [
                95,
                115,
                110,
                10,
                130,
                65
            ],
            "TYPE": [
                "Dark",
                null
            ],
            "TYPE_EFFECTIVENESS": [
                1,
                1,
                1,
                1,
                1,
                1,
                2,
                1,
                1,
                1,
                0,
                2,
                1,
                0.5,
                1,
                0.5,
                1,
                2
            ],
            "UTILITY": []
        },
        "STARTING_TEAM": [
            "Porygon2",
            "Comfey",
            "Bellibolt",
            "Haxorus",
            "Vaporeon"
        ],
        "Better": 1
    },
    "60": {
        "POKEMON_0": "Tapu Bulu",
        "POKEMON_1": {
            "STATS": [
                70,
                160,
                115,
                85,
                95,
                45
            ],
            "TYPE": [
                "Grass",
                "Fairy"
            ],
            "TYPE_EFFECTIVENESS": [
                1,
                2,
                0.5,
                0.5,
                0.5,
                2,
                0.5,
                4,
                0.5,
                2,
                1,
                1.0,
                1,
                1,
                0,
                0.5,
                2,
                1
            ],
            "UTILITY": [
                "Clear Smog"
            ]
        },
        "STARTING_TEAM": [
            "Snorlax",
            "Excadrill",
            "Corviknight",
            "Indeedee-F"
        ],
        "Better": 1
    },
    "61": {
        "POKEMON_0": "Pinsir",
        "POKEMON_1": {
            "STATS": [
                65,
                125,
                100,
                75,
                50,
                85
            ],
            "TYPE": [
                "Fire",
                null
            ],
            "TYPE_EFFECTIVENESS": [
                1,
                0.5,
                2,
                1,
                0.5,
                0.5,
                1,
                1,
                2,
                1,
                1,
                0.5,
                2,
                1,
                1,
                1,
                0.5,
                0.5
            ],
            "UTILITY": []
        },
        "STARTING_TEAM": [
            "Machamp",
            "Rhydon",
            "Cresselia",
            "Carracosta"
        ],
        "Better": 1
    },
    "62": {
        "POKEMON_0": "Primarina",
        "POKEMON_1": {
            "STATS": [
                80,
                74,
                54,
                126,
                136,
                60
            ],
            "TYPE": [
                "Water",
                "Ghost"
            ],
            "TYPE_EFFECTIVENESS": [
                0,
                0.5,
                0.5,
                2,
                2,
                0.5,
                0,
                0.5,
                1,
                1,
                1,
                0.5,
                1,
                2,
                1,
                2,
                0.5,
                1
            ],
            "UTILITY": [
                "Haze",
                "Wish"
            ]
        },
        "STARTING_TEAM": [
            "Cramorant-Gorging",
            "Sceptile",
            "Tropius"
        ],
        "Better": 0
    },
    "63": {
        "POKEMON_0": "Bisharp",
        "POKEMON_1": {
            "STATS": [
                65,
                125,
                100,
                60,
                40,
                100
            ],
            "TYPE": [
                "Dark",
                "Steel"
            ],
            "TYPE_EFFECTIVENESS": [
                0.5,
                2,
                1,
                1,
                0.5,
                0.5,
                4,
                0,
                2,
                0.5,
                0.0,
                1.0,
                0.5,
                0.5,
                0.5,
                0.5,
                0.5,
                1.0
            ],
            "UTILITY": []
        },
        "STARTING_TEAM": [
            "Iron Crown",
            "Staraptor"
        ],
        "Better": 1
    },
    "64": {
        "POKEMON_0": "Garchomp-Mega",
        "POKEMON_1": {
            "STATS": [
                108,
                170,
                115,
                120,
                125,
                62
            ],
            "TYPE": [
                "Steel",
                "Ground"
            ],
            "TYPE_EFFECTIVENESS": [
                0.5,
                2,
                2,
                0,
                1.0,
                1.0,
                2,
                0.0,
                2,
                0.5,
                0.5,
                0.5,
                0.25,
                1,
                0.5,
                1,
                0.5,
                0.5
            ],
            "UTILITY": [
                "Stealth Rock",
                "Spikes",
                "Sticky Webs"
            ]
        },
        "STARTING_TEAM": [
            "Walrein",
            "Gallade-Mega",
            "Golduck"
        ],
        "Better": 1
    },
    "65": {
        "POKEMON_0": "Miltank",
        "POKEMON_1": {
            "STATS": [
                95,
                80,
                125,
                20,
                70,
                100
            ],
            "TYPE": [
                "Normal",
                null
            ],
            "TYPE_EFFECTIVENESS": [
                1,
                1,
                1,
                1,
                1,
                1,
                2,
                1,
                1,
                1,
                1,
                1,
                1,
                0,
                1,
                1,
                1,
                1
            ],
            "UTILITY": [
                "Sticky Webs"
            ]
        },
        "STARTING_TEAM": [
            "Claydol",
            "Hitmonlee",
            "Durant",
            "Beartic",
            "Gourgeist"
        ],
        "Better": 1
    },
    "66": {
        "POKEMON_0": "Talonflame",
        "POKEMON_1": {
            "STATS": [
                78,
                31,
                71,
                74,
                119,
                126
            ],
            "TYPE": [
                "Fighting",
                "Flying"
            ],
            "TYPE_EFFECTIVENESS": [
                1,
                1,
                1,
                2,
                0.5,
                2,
                0.5,
                1,
                0,
                2,
                2,
                0.25,
                1.0,
                1,
                1,
                0.5,
                1,
                2
            ],
            "UTILITY": [
                "Tailwind"
            ]
        },
        "STARTING_TEAM": [
            "Absol",
            "Rillaboom",
            "Rotom"
        ],
        "Better": 1
    },
    "67": {
        "POKEMON_0": "Porygon-Z",
        "POKEMON_1": {
            "STATS": [
                85,
                80,
                70,
                185,
                25,
                90
            ],
            "TYPE": [
                "Ground",
                null
            ],
            "TYPE_EFFECTIVENESS": [
                1,
                1,
                2,
                0,
                2,
                2,
                1,
                0.5,
                1,
                1,
                1,
                1,
                0.5,
                1,
                1,
                1,
                1,
                1
            ],
            "UTILITY": [
                "Toxic Spikes"
            ]
        },
        "STARTING_TEAM": [
            "Keldeo",
            "Seismitoad"
        ],
        "Better": 1
    },
    "68": {
        "POKEMON_0": "Pangoro",
        "POKEMON_1": {
            "STATS": [
                95,
                124,
                78,
                29,
                111,
                58
            ],
            "TYPE": [
                "Electric",
                "Dark"
            ],
            "TYPE_EFFECTIVENESS": [
                1,
                1,
                1,
                0.5,
                1,
                1,
                2,
                1,
                2,
                0.5,
                0,
                2,
                1,
                0.5,
                1,
                0.5,
                0.5,
                2
            ],
            "UTILITY": []
        },
        "STARTING_TEAM": [
            "Sliggoo",
            "Hitmonlee"
        ],
        "Better": 1
    },
    "69": {
        "POKEMON_0": "Ribombee",
        "POKEMON_1": {
            "STATS": [
                60,
                55,
                80,
                95,
                50,
                124
            ],
            "TYPE": [
                "Rock",
                "Fairy"
            ],
            "TYPE_EFFECTIVENESS": [
                0.5,
                0.5,
                2,
                1,
                2,
                1,
                1.0,
                1.0,
                2,
                0.5,
                1,
                0.5,
                1,
                1,
                0,
                0.5,
                4,
                1
            ],
            "UTILITY": [
                "Tailwind",
                "U-turn",
                "Stealth Rock",
                "Sticky Webs"
            ]
        },
        "STARTING_TEAM": [
            "Electrode-Hisui",
            "Florges"
        ],
        "Better": 1
    },
    "70": {
        "POKEMON_0": "Girafarig",
        "POKEMON_1": {
            "STATS": [
                70,
                80,
                65,
                130,
                25,
                85
            ],
            "TYPE": [
                "Normal",
                "Psychic"
            ],
            "TYPE_EFFECTIVENESS": [
                1,
                1,
                1,
                1,
                1,
                1,
                1.0,
                1,
                1,
                1,
                0.5,
                2,
                1,
                0,
                1,
                2,
                1,
                1
            ],
            "UTILITY": [
                "U-turn"
            ]
        },
        "STARTING_TEAM": [
            "Slowbro",
            "Boltund",
            "Mr. Mime-Galar",
            "Iron Thorns",
            "Pawmot"
        ],
        "Better": 1
    },
    "71": {
        "POKEMON_0": "Persian",
        "POKEMON_1": {
            "STATS": [
                65,
                110,
                20,
                65,
                65,
                115
            ],
            "TYPE": [
                "Fighting",
                null
            ],
            "TYPE_EFFECTIVENESS": [
                1,
                1,
                1,
                1,
                1,
                1,
                1,
                1,
                1,
                2,
                2,
                0.5,
                0.5,
                1,
                1,
                0.5,
                1,
                2
            ],
            "UTILITY": [
                "U-turn"
            ]
        },
        "STARTING_TEAM": [
            "Armaldo",
            "Octillery"
        ],
        "Better": 1
    },
    "72": {
        "POKEMON_0": "Oinkologne",
        "POKEMON_1": {
            "STATS": [
                110,
                100,
                105,
                59,
                50,
                65
            ],
            "TYPE": [
                "Bug",
                null
            ],
            "TYPE_EFFECTIVENESS": [
                1,
                2,
                1,
                1,
                0.5,
                1,
                0.5,
                1,
                0.5,
                2,
                1,
                1,
                2,
                1,
                1,
                1,
                1,
                1
            ],
            "UTILITY": []
        },
        "STARTING_TEAM": [
            "Houndoom",
            "Sneasler",
            "Nidoqueen"
        ],
        "Better": 1
    },
    "73": {
        "POKEMON_0": "Electabuzz",
        "POKEMON_1": {
            "STATS": [
                65,
                83,
                87,
                95,
                55,
                105
            ],
            "TYPE": [
                "Electric",
                null
            ],
            "TYPE_EFFECTIVENESS": [
                1,
                1,
                1,
                0.5,
                1,
                1,
                1,
                1,
                2,
                0.5,
                1,
                1,
                1,
                1,
                1,
                1,
                0.5,
                1
            ],
            "UTILITY": []
        },
        "STARTING_TEAM": [
            "Oranguru",
            "Sylveon"
        ],
        "Better": 1
    },
    "74": {
        "POKEMON_0": "Lurantis",
        "POKEMON_1": {
            "STATS": [
                70,
                75,
                90,
                110,
                90,
                45
            ],
            "TYPE": [
                "Grass",
                null
            ],
            "TYPE_EFFECTIVENESS": [
                1,
                2,
                0.5,
                0.5,
                0.5,
                2,
                1,
                2,
                0.5,
                2,
                1,
                2,
                1,
                1,
                1,
                1,
                1,
                1
            ],
            "UTILITY": []
        },
        "STARTING_TEAM": [
            "Hawlucha",
            "Wo-Chien",
            "Toxtricity-Low-Key",
            "Annihilape",
            "Muk"
        ],
        "Better": 1
    },
    "75": {
        "POKEMON_0": "Crustle",
        "POKEMON_1": {
            "STATS": [
                70,
                105,
                125,
                25,
                115,
                45
            ],
            "TYPE": [
                "Poison",
                "Rock"
            ],
            "TYPE_EFFECTIVENESS": [
                0.5,
                0.5,
                2,
                1,
                1.0,
                1,
                1.0,
                0.25,
                4,
                0.5,
                2,
                0.5,
                1,
                1,
                1,
                1,
                2,
                0.5
            ],
            "UTILITY": []
        },
        "STARTING_TEAM": [
            "Heracross",
            "Aerodactyl"
        ],
        "Better": 1
    },
    "76": {
        "POKEMON_0": "Wyrdeer",
        "POKEMON_1": {
            "STATS": [
                103,
                85,
                72,
                105,
                95,
                65
            ],
            "TYPE": [
                "Normal",
                "Psychic"
            ],
            "TYPE_EFFECTIVENESS": [
                1,
                1,
                1,
                1,
                1,
                1,
                1.0,
                1,
                1,
                1,
                0.5,
                2,
                1,
                0,
                1,
                2,
                1,
                1
            ],
            "UTILITY": [
                "Will-o-Wisp"
            ]
        },
        "STARTING_TEAM": [
            "Cresselia",
            "Vanilluxe"
        ],
        "Better": 1
    },
    "77": {
        "POKEMON_0": "Flapple",
        "POKEMON_1": {
            "STATS": [
                70,
                130,
                80,
                95,
                40,
                70
            ],
            "TYPE": [
                "Fairy",
                "Dragon"
            ],
            "TYPE_EFFECTIVENESS": [
                1,
                0.5,
                0.5,
                0.5,
                0.5,
                2,
                0.5,
                2,
                1,
                1,
                1,
                0.5,
                1,
                1,
                0,
                0.5,
                2,
                2
            ],
            "UTILITY": [
                "U-turn"
            ]
        },
        "STARTING_TEAM": [
            "Aromatisse",
            "Oricorio-Pom-Pom",
            "Camerupt",
            "Grimmsnarl",
            "Druddigon"
        ],
        "Better": 1
    },
    "78": {
        "POKEMON_0": "Deoxys-Defense",
        "POKEMON_1": {
            "STATS": [
                50,
                70,
                130,
                70,
                190,
                90
            ],
            "TYPE": [
                "Psychic",
                null
            ],
            "TYPE_EFFECTIVENESS": [
                1,
                1,
                1,
                1,
                1,
                1,
                0.5,
                1,
                1,
                1,
                0.5,
                2,
                1,
                2,
                1,
                2,
                1,
                1
            ],
            "UTILITY": []
        },
        "STARTING_TEAM": [
            "Gallade-Mega",
            "Swampert-Mega"
        ],
        "Better": 0
    },
    "79": {
        "POKEMON_0": "Shiftry",
        "POKEMON_1": {
            "STATS": [
                90,
                100,
                60,
                90,
                90,
                50
            ],
            "TYPE": [
                "Grass",
                "Dragon"
            ],
            "TYPE_EFFECTIVENESS": [
                1,
                1.0,
                0.25,
                0.25,
                0.25,
                4,
                1,
                2,
                0.5,
                2,
                1,
                2,
                1,
                1,
                2,
                1,
                1,
                2
            ],
            "UTILITY": [
                "Toxic Spikes",
                "Spikes"
            ]
        },
        "STARTING_TEAM": [
            "Spiritomb",
            "Manaphy",
            "Volcarona"
        ],
        "Better": 1
    },
    "80": {
        "POKEMON_0": "Electrode",
        "POKEMON_1": {
            "STATS": [
                60,
                10,
                110,
                80,
                80,
                150
            ],
            "TYPE": [
                "Electric",
                null
            ],
            "TYPE_EFFECTIVENESS": [
                1,
                1,
                1,
                0.5,
                1,
                1,
                1,
                1,
                2,
                0.5,
                1,
                1,
                1,
                1,
                1,
                1,
                0.5,
                1
            ],
            "UTILITY": [
                "Light Screen",
                "Spikes",
                "Sticky Webs",
                "Reflect"
            ]
        },
        "STARTING_TEAM": [
            "Crobat",
            "Basculegion"
        ],
        "Better": 1
    },
    "81": {
        "POKEMON_0": "Venusaur-Mega",
        "POKEMON_1": {
            "STATS": [
                80,
                70,
                123,
                152,
                120,
                80
            ],
            "TYPE": [
                "Psychic",
                "Poison"
            ],
            "TYPE_EFFECTIVENESS": [
                1,
                1,
                1,
                1,
                0.5,
                1,
                0.25,
                0.5,
                2,
                1,
                1.0,
                1.0,
                1,
                2,
                1,
                2,
                1,
                0.5
            ],
            "UTILITY": [
                "Defog",
                "Will-o-Wisp"
            ]
        },
        "STARTING_TEAM": [
            "Oricorio-Sensu",
            "Falinks",
            "Glimmora",
            "Girafarig",
            "Ursaluna-Bloodmoon"
        ],
        "Better": 1
    },
    "82": {
        "POKEMON_0": "Iron Jugulis",
        "POKEMON_1": {
            "STATS": [
                94,
                30,
                86,
                172,
                80,
                108
            ],
            "TYPE": [
                "Dark",
                "Flying"
            ],
            "TYPE_EFFECTIVENESS": [
                1,
                1,
                1,
                2,
                0.5,
                2,
                1.0,
                1,
                0,
                1,
                0,
                1.0,
                2,
                0.5,
                1,
                0.5,
                1,
                2
            ],
            "UTILITY": [
                "Tailwind"
            ]
        },
        "STARTING_TEAM": [
            "Silvally-Ground",
            "Camerupt-Mega",
            "Lopunny-Mega",
            "Tauros-Paldea-Blaze",
            "Klang"
        ],
        "Better": 1
    },
    "83": {
        "POKEMON_0": "Dachsbun",
        "POKEMON_1": {
            "STATS": [
                57,
                80,
                115,
                50,
                80,
                95
            ],
            "TYPE": [
                "Dark",
                null
            ],
            "TYPE_EFFECTIVENESS": [
                1,
                1,
                1,
                1,
                1,
                1,
                2,
                1,
                1,
                1,
                0,
                2,
                1,
                0.5,
                1,
                0.5,
                1,
                2
            ],
            "UTILITY": [
                "Sticky Webs",
                "Haze"
            ]
        },
        "STARTING_TEAM": [
            "Scizor-Mega",
            "Sigilyph",
            "Probopass"
        ],
        "Better": 1
    },
    "84": {
        "POKEMON_0": "Aggron-Mega",
        "POKEMON_1": {
            "STATS": [
                70,
                140,
                230,
                90,
                80,
                20
            ],
            "TYPE": [
                "Steel",
                "Ghost"
            ],
            "TYPE_EFFECTIVENESS": [
                0.0,
                2,
                1,
                1,
                0.5,
                0.5,
                0,
                0.0,
                2,
                0.5,
                0.5,
                0.25,
                0.5,
                2,
                0.5,
                2,
                0.5,
                0.5
            ],
            "UTILITY": []
        },
        "STARTING_TEAM": [
            "Pidgeot-Mega",
            "Arcanine-Hisui",
            "Sceptile"
        ],
        "Better": 1
    },
    "85": {
        "POKEMON_0": "Gourgeist-Super",
        "POKEMON_1": {
            "STATS": [
                85,
                100,
                82,
                98,
                75,
                54
            ],
            "TYPE": [
                "Dragon",
                "Grass"
            ],
            "TYPE_EFFECTIVENESS": [
                1,
                1.0,
                0.25,
                0.25,
                0.25,
                4,
                1,
                2,
                0.5,
                2,
                1,
                2,
                1,
                1,
                2,
                1,
                1,
                2
            ],
            "UTILITY": []
        },
        "STARTING_TEAM": [
            "Tapu Bulu",
            "Rapidash-Galar",
            "Omastar",
            "Sylveon"
        ],
        "Better": 0
    },
    "86": {
        "POKEMON_0": "Gardevoir",
        "POKEMON_1": {
            "STATS": [
                68,
                65,
                105,
                125,
                75,
                80
            ],
            "TYPE": [
                "Psychic",
                "Fairy"
            ],
            "TYPE_EFFECTIVENESS": [
                1,
                1,
                1,
                1,
                1,
                1,
                0.25,
                2,
                1,
                1,
                0.5,
                1.0,
                1,
                2,
                0,
                1.0,
                2,
                1
            ],
            "UTILITY": []
        },
        "STARTING_TEAM": [
            "Dusclops",
            "Crustle",
            "Mr. Rime",
            "Pawmot"
        ],
        "Better": 1
    },
    "87": {
        "POKEMON_0": "Sandaconda",
        "POKEMON_1": {
            "STATS": [
                72,
                107,
                95,
                95,
                70,
                71
            ],
            "TYPE": [
                "Ghost",
                null
            ],
            "TYPE_EFFECTIVENESS": [
                0,
                1,
                1,
                1,
                1,
                1,
                0,
                0.5,
                1,
                1,
                1,
                0.5,
                1,
                2,
                1,
                2,
                1,
                1
            ],
            "UTILITY": []
        },
        "STARTING_TEAM": [
            "Golduck",
            "Shaymin",
            "Gourgeist-Small",
            "Jirachi",
            "Garchomp-Mega"
        ],
        "Better": 0
    },
    "88": {
        "POKEMON_0": "Persian",
        "POKEMON_1": {
            "STATS": [
                65,
                50,
                60,
                85,
                65,
                115
            ],
            "TYPE": [
                "Normal",
                null
            ],
            "TYPE_EFFECTIVENESS": [
                1,
                1,
                1,
                1,
                1,
                1,
                2,
                1,
                1,
                1,
                1,
                1,
                1,
                0,
                1,
                1,
                1,
                1
            ],
            "UTILITY": []
        },
        "STARTING_TEAM": [
            "Urshifu-Rapid-Strike",
            "Camerupt-Mega"
        ],
        "Better": 1
    }
}