{
    "0": {
        "STARTING_TEAM": [
            "Golurk",
            "Gholdengo",
            "Klawf",
            "Charizard",
            "Silvally-Dark"
        ],
        "POKEMON_0": "Drampa",
        "POKEMON_1": {
            "STATS": [
                78,
                60,
                85,
                135,
                121,
                6
            ],
            "TYPE": [
                "Flying",
                "Dragon"
            ],
            "UTILITY": [],
            "TYPE_EFFECTIVENESS": [
                1,
                0.5,
                0.5,
                1.0,
                0.25,
                4,
                0.5,
                1,
                0,
                1,
                1,
                0.5,
                2,
                1,
                2,
                1,
                1,
                2
            ]
        },
        "Better": 1
    },
    "1": {
        "STARTING_TEAM": [
            "Mesprit",
            "Rapidash-Galar",
            "Mimikyu-Busted",
            "Hypno"
        ],
        "POKEMON_0": "Flareon",
        "POKEMON_1": {
            "STATS": [
                65,
                80,
                60,
                95,
                160,
                65
            ],
            "TYPE": [
                "Fire",
                null
            ],
            "UTILITY": [
                "Will-o-Wisp",
                "Haze"
            ],
            "TYPE_EFFECTIVENESS": [
                1,
                0.5,
                2,
                1,
                0.5,
                0.5,
                1,
                1,
                2,
                1,
                1,
                0.5,
                2,
                1,
                1,
                1,
                0.5,
                0.5
            ]
        },
        "Better": 1
    },
    "2": {
        "STARTING_TEAM": [
            "Electabuzz",
            "Pangoro",
            "Venomoth"
        ],
        "POKEMON_0": "Flareon",
        "POKEMON_1": {
            "STATS": [
                65,
                130,
                60,
                135,
                70,
                65
            ],
            "TYPE": [
                "Water",
                null
            ],
            "UTILITY": [
                "Haze"
            ],
            "TYPE_EFFECTIVENESS": [
                1,
                0.5,
                0.5,
                2,
                2,
                0.5,
                1,
                1,
                1,
                1,
                1,
                1,
                1,
                1,
                1,
                1,
                0.5,
                1
            ]
        },
        "Better": 1
    },
    "3": {
        "STARTING_TEAM": [
            "Chandelure",
            "Samurott",
            "Klawf",
            "Polteageist",
            "Zangoose"
        ],
        "POKEMON_0": "Toucannon",
        "POKEMON_1": {
            "STATS": [
                80,
                120,
                115,
                35,
                75,
                60
            ],
            "TYPE": [
                "Fire",
                "Flying"
            ],
            "UTILITY": [
                "Tailwind",
                "Spikes",
                "Will-o-Wisp"
            ],
            "TYPE_EFFECTIVENESS": [
                1,
                0.5,
                2,
                2,
                0.25,
                1.0,
                0.5,
                1,
                0,
                1,
                1,
                0.25,
                4,
                1,
                1,
                1,
                0.5,
                0.5
            ]
        },
        "Better": 1
    },
    "4": {
        "STARTING_TEAM": [
            "Farigiraf",
            "Empoleon",
            "Hydrapple"
        ],
        "POKEMON_0": "Basculegion",
        "POKEMON_1": {
            "STATS": [
                120,
                112,
                65,
                100,
                75,
                58
            ],
            "TYPE": [
                "Water",
                "Ghost"
            ],
            "UTILITY": [
                "Spikes",
                "Tailwind"
            ],
            "TYPE_EFFECTIVENESS": [
                0,
                0.5,
                0.5,
                2,
                2,
                0.5,
                0,
                0.5,
                1,
                1,
                1,
                0.5,
                1,
                2,
                1,
                2,
                0.5,
                1
            ]
        },
        "Better": 1
    },
    "5": {
        "STARTING_TEAM": [
            "Dragonite",
            "Articuno-Galar",
            "Seismitoad",
            "Scovillain",
            "Exeggutor"
        ],
        "POKEMON_0": "Magnezone",
        "POKEMON_1": {
            "STATS": [
                70,
                70,
                115,
                130,
                90,
                60
            ],
            "TYPE": [
                "Electric",
                "Poison"
            ],
            "UTILITY": [
                "Sticky Webs"
            ],
            "TYPE_EFFECTIVENESS": [
                1,
                1,
                1,
                0.5,
                0.5,
                1,
                0.5,
                0.5,
                4,
                0.5,
                2,
                0.5,
                1,
                1,
                1,
                1,
                0.5,
                0.5
            ]
        },
        "Better": 1
    },
    "6": {
        "STARTING_TEAM": [
            "Cryogonal",
            "Slither Wing"
        ],
        "POKEMON_0": "Raikou",
        "POKEMON_1": {
            "STATS": [
                90,
                85,
                75,
                115,
                60,
                155
            ],
            "TYPE": [
                "Poison",
                null
            ],
            "UTILITY": [
                "Tailwind",
                "Reflect"
            ],
            "TYPE_EFFECTIVENESS": [
                1,
                1,
                1,
                1,
                0.5,
                1,
                0.5,
                0.5,
                2,
                1,
                2,
                0.5,
                1,
                1,
                1,
                1,
                1,
                0.5
            ]
        },
        "Better": 1
    },
    "7": {
        "STARTING_TEAM": [
            "Ludicolo",
            "Eiscue"
        ],
        "POKEMON_0": "Stonjourner",
        "POKEMON_1": {
            "STATS": [
                100,
                95,
                135,
                20,
                50,
                70
            ],
            "TYPE": [
                "Rock",
                "Ghost"
            ],
            "UTILITY": [
                "Spikes"
            ],
            "TYPE_EFFECTIVENESS": [
                0.0,
                0.5,
                2,
                1,
                2,
                1,
                0,
                0.25,
                2,
                0.5,
                1,
                0.5,
                1,
                2,
                1,
                2,
                2,
                1
            ]
        },
        "Better": 0
    },
    "8": {
        "STARTING_TEAM": [
            "Tapu Koko",
            "Jynx",
            "Komala",
            "Whiscash",
            "Tauros-Paldea-Blaze"
        ],
        "POKEMON_0": "Absol-Mega",
        "POKEMON_1": {
            "STATS": [
                65,
                180,
                60,
                115,
                30,
                115
            ],
            "TYPE": [
                "Normal",
                null
            ],
            "UTILITY": [],
            "TYPE_EFFECTIVENESS": [
                1,
                1,
                1,
                1,
                1,
                1,
                2,
                1,
                1,
                1,
                1,
                1,
                1,
                0,
                1,
                1,
                1,
                1
            ]
        },
        "Better": 1
    }
}